19.904916010853444,24.786771044341577,28,32,37,57,98,128
19.904916010853448,24.78677104434163,37,53,57,98,110,128
23.988920438497523,28.615778091760042,37,57,71,98,125,128
36.58015150448269,5.788127481737148,37,57,65,79,98,128
13.498346196550868,13.37863634422247,17,37,57,98,103,128
21.849280612299143,40.90840471887651,9,37,57,98,110,128
29.631513687975115,7.770110430940187,37,57,77,98,126,128
27.916160518645608,13.27991598888733,13,37,57,87,98,128
22.977505822807014,35.76644554350787,23,37,52,57,98,128
28.402418915184555,26.95137409250884,23,37,57,93,98,128
23.99973744325791,30.333288322232626,37,41,49,57,98,128
35.94118562624687,8.068401916845286,37,57,79,98,115,128
21.39444213884137,15.013938633038613,37,57,98,103,119,128
23.780962268037182,26.08556845150069,37,57,72,75,98,128
14.105216596913358,13.559920363436644,10,17,37,57,98,128
19.329427654938502,16.45185644770806,16,37,49,57,98,128
29.970740674724794,19.986645727019624,12,65,79,85,98,128
30.645892252731713,21.876287204915705,56,65,66,79,98,128
38.43505918473659,9.989255728004306,39,65,79,82,98,128
35.50704583983944,20.349203723193867,65,78,79,98,117,128
30.763037632525357,22.55848954750395,60,65,79,98,103,128
33.821600404637586,11.539543021928761,65,79,98,101,111,128
29.899752116804592,27.35838536218245,26,65,79,88,98,128
28.02091212170796,10.8271736891372,18,65,79,83,98,128
30.53348136663686,25.080970479186266,65,75,79,88,98,128
37.059462749322385,7.380360341257715,65,79,89,98,106,128
40.84697221131215,6.762822699321352,33,65,79,86,98,128
45.998955637002155,12.587649742534698,36,65,79,96,98,128
30.64769620942024,8.675098206387968,65,70,79,98,127,128
29.799855722140574,18.70417082262892,47,49,65,79,98,128
26.3267923278989,24.225455217217355,16,34,65,79,98,128
27.25858948259362,4.289838113007067,55,79,90,96,98,128
40.478504905211544,7.0663016436710215,6,79,96,98,100,128
28.289253579778737,6.039139867402301,29,32,79,96,98,128
36.87706948738712,8.08192625399851,60,64,79,96,98,128
37.056789280114785,10.238617038899772,37,71,79,96,98,128
31.649755898661105,5.919120047051836,21,35,79,96,98,128
28.28925357977874,6.039139867402288,79,86,96,98,112,128
37.44651468522165,7.985084994196566,8,25,79,96,98,128
28.964881551605046,4.869275165698029,7,79,96,98,122,128
37.57046486944683,12.726971875430724,66,79,96,98,105,128
34.723402556981895,16.486994615620514,19,22,79,96,98,128
31.945833804904176,6.159754898423567,18,59,79,96,98,128
42.32467350735699,6.544566834853875,30,79,84,96,98,128
30.531423256028138,8.45851673218056,11,79,90,96,98,128
36.960181817715124,3.5984296604368056,79,96,98,113,119,128
36.3852876070473,5.847094068089835,34,35,79,96,98,128
29.81650058009859,18.384882048171907,71,79,96,98,124,128
34.25447472781935,6.667687231260471,51,79,96,98,99,128
33.15428963084043,12.098930139635753,28,71,79,96,98,128
35.78740183859658,2.5436915428756017,53,79,96,98,116,128
36.02990779642697,7.544911825720168,59,79,96,98,102,128
33.34400192459407,3.920909984281297,79,80,91,96,98,128
36.1308655229104,9.272884877111746,16,70,79,96,98,128
34.36321729482979,16.512771425620166,79,96,98,105,110,128
28.96488155160505,4.869275165698027,79,96,98,119,122,128
40.873665582646844,7.858101894034513,42,79,96,98,100,128
32.27553418708955,4.9029244409269825,59,79,92,96,98,128
36.571437252323875,20.408047874581932,79,96,98,101,120,128
37.49812496295921,9.531581595681079,79,96,98,117,122,128
28.289253579778737,6.0391398674022945,54,79,96,98,110,128
26.162526192148107,13.014611388171595,22,79,96,98,128,129
35.545973048194014,1.757002995451803,78,79,83,96,98,128
32.594771136526504,8.386569658034992,26,54,79,96,98,128
33.74404219338359,22.001974414903835,79,88,96,98,107,128
32.87852052303644,5.1448777821181775,27,79,96,98,121,128
36.04729027886128,7.444412391586056,34,47,79,96,98,128
33.5437602512502,17.2814193926886,79,88,96,98,117,128
37.29489375531328,6.2600013917070045,29,30,79,96,98,128
35.1038909678809,6.198824427213747,49,79,96,98,128,129
31.728925650089806,13.039444096561056,46,56,79,96,98,128
34.220596636064904,9.785717537313753,25,79,96,98,125,128
37.643651455300926,6.431699425853297,21,31,79,96,98,128
30.531663157555798,16.89704812279156,21,79,95,96,98,128
36.836840718935825,15.88684975578114,19,77,79,96,98,128
24.532723889440632,14.64049761101075,17,35,79,96,98,128
35.498525304549794,11.587412326361132,6,79,96,97,98,128
34.702530037398446,17.919055019465006,79,88,92,96,98,128
36.227213432855784,11.262978860390001,8,75,79,96,98,128
35.84849002451032,5.776788582982525,6,79,96,98,125,128
32.51798242687295,6.106345790001972,77,79,96,98,121,128
37.3096102393488,14.717097559265094,25,79,95,96,98,128
35.44500508566757,9.79064488895236,79,96,98,102,113,128
40.149108280737266,3.4819017873923634,8,79,96,98,116,128
28.118070159487818,5.5444648320927525,23,79,91,96,98,128
28.676066425467404,8.021179766930977,21,79,87,96,98,128
35.30907150031386,9.06932576330745,71,73,79,96,98,128
38.232477834514356,7.498913610268952,12,13,79,96,98,128
33.318082628025465,4.546714457117394,79,80,96,98,108,128
33.26085834690458,4.351288281490924,35,79,96,98,125,128
20.936287336344392,15.646766725668703,17,77,79,96,98,128
39.64873307802801,5.057362649706331,34,39,79,96,98,128
33.45814084483764,4.660152268141859,37,79,96,98,108,128
34.03889480109235,19.04594216618279,24,46,79,96,98,128
37.94908420385243,19.52549338032429,31,79,94,96,98,128
32.84797685490848,23.03055143779835,79,89,93,96,98,128
36.24275833637388,16.618765091457576,10,79,94,96,98,128
37.87824998869271,8.378130848260092,12,73,79,96,98,128
31.699837006406824,13.076328309276652,42,53,79,96,98,128
38.251030312348234,20.073813065092818,24,33,79,96,98,128
34.47669657988574,16.06300985219703,24,29,79,96,98,128
35.97403676203207,4.2035062706037785,7,40,79,96,98,128
35.75905566709003,13.90438748255936,69,72,79,96,98,128
27.039660073902255,8.687611785407002,21,79,96,98,119,128
34.04465646986335,11.793627234666548,16,69,79,96,98,128
33.4163807861808,20.128293252325513,19,24,79,96,98,128
36.45274390753131,8.230747077788896,79,85,96,98,115,128
39.06322594493769,15.30371761367531,79,94,96,98,115,128
36.74823947435888,6.480305309388443,12,26,79,96,98,128
38.702389461531666,13.90852217499291,19,37,79,96,98,128
31.0523012758616,10.61146239390905,38,79,96,98,128,129
37.61053295334274,8.785101264818866,25,79,96,98,99,128
37.97431741965171,3.8736982689663537,41,63,79,96,98,128
37.29489375531328,6.2600013917070125,7,30,79,96,98,128
33.19588743583313,5.097040316682002,14,62,79,96,98,128
32.879640724076225,15.847024425817336,43,79,93,96,98,128
33.90396714358272,9.634669929278372,46,79,96,98,107,128
29.414694480284872,7.387703155488475,23,79,89,96,98,128
23.80837942960949,17.254467656244273,79,84,96,98,123,128
24.900900522811046,13.798231719236313,16,79,91,96,98,128
33.8453721218801,6.927995585863812,25,47,79,96,98,128
33.4301680972918,12.951248462503681,6,23,79,96,98,128
36.3025715133733,7.630173529189234,25,77,79,96,98,128
28.289253579778737,6.039139867402282,51,53,79,96,98,128
33.27228846725364,3.7653751251997725,79,81,96,98,121,128
31.508327622005798,6.0778792869763265,27,79,90,96,98,128
35.22100568282997,6.000811392334183,6,79,85,96,98,128
28.118070159487814,5.544464832092751,23,79,96,98,108,128
32.7273443377937,15.5827314177469,66,79,96,98,101,128
35.98078104275805,15.061026080300543,9,79,96,98,119,128
33.77668991419487,1.6868277047006772,77,79,96,98,102,128
39.69176921770093,8.572168268377215,25,73,79,96,98,128
40.327182830815346,6.82643693611482,37,67,79,96,98,128
40.53858270939308,10.403506060691342,63,79,96,98,105,128
36.960181817715124,3.5984296604368065,56,79,96,98,113,128
33.29365306647799,6.878532725043179,12,54,79,96,98,128
34.20683856256605,9.102463642305626,44,79,96,98,109,128
34.32525878906969,3.182881777556972,78,79,90,96,98,128
35.55574975525863,22.26392515986412,66,79,95,96,98,128
34.27503869188073,8.531773370144018,59,79,96,98,103,128
34.77102872930897,10.256126576922851,70,79,96,98,111,128
36.30164654181175,8.788336392687373,75,79,96,97,98,128
36.00457043848468,6.574843870347934,62,72,79,96,98,128
33.59756473866126,5.844441277605838,77,79,96,98,127,128
28.289253579778737,6.039139867402282,45,47,79,96,98,128
33.98818005949445,11.61402267553241,76,79,96,98,122,128
36.87551066016922,11.608013949716142,15,69,79,96,98,128
35.98078104275805,15.061026080300541,9,56,79,96,98,128
31.959089866165186,3.311583842936991,18,74,79,96,98,128
38.91034677289808,14.856775850945718,49,79,96,98,115,128
34.40534192761308,17.890908895852764,79,88,96,98,119,128
32.320795574834456,4.5170520029819246,6,35,73,83,93,109
30.53583149539473,3.959423765407201,30,73,83,93,106,109
24.197496119149406,13.852511074781525,71,73,83,93,109,121
31.185492550357473,10.97967919013365,30,62,73,83,93,109
24.676961600828854,9.190902545949914,73,83,93,109,110,112
25.149250819611446,9.610287714931932,22,54,73,83,93,109
29.296149760229902,3.899411409247189,9,63,73,83,93,109
24.80477089712712,8.365956156200916,15,21,73,83,93,109
35.03429430417735,11.496726816341562,60,73,83,89,93,109
33.12489350861314,14.426380858073529,60,73,83,93,100,109
31.942837632946297,6.980982206729122,38,63,73,83,93,109
35.09752572068216,11.203947666048254,63,73,83,93,109,127
46.61182805440069,3.875924655615503,67,73,83,93,109,120
31.75840003669533,11.636775425488484,66,73,83,93,109,117
35.242753270556406,11.99660324623609,48,73,83,93,109,123
49.07086256824743,6.462269756533882,73,79,83,93,105,109
34.54904423422947,8.5392941118206,59,83,93,104,105,109
35.81877236363568,14.277592009473787,17,56,83,93,105,109
26.3992483388799,12.794358482215337,15,83,93,105,109,111
28.9480162644333,14.512628591684594,24,65,83,93,105,109
27.194546758290855,14.496639486835106,54,70,83,93,105,109
25.183925139604913,16.27680164814168,23,83,93,105,109,110
29.418167378106833,9.419156104510853,45,60,83,93,105,109
29.183197437751254,17.76570019018866,6,31,83,93,105,109
26.73009087847019,21.9779545031651,29,41,83,93,105,109
33.41099384388171,7.9877498387671135,15,82,83,93,105,109
32.69943521877959,13.459462528632205,83,93,105,109,117,123
26.714907222783893,14.08436939272774,26,83,86,93,105,109
30.338940016937382,9.64742744013778,8,56,83,93,105,109
37.835110328518084,11.93322798630246,31,83,93,105,109,113
31.764507098761996,21.150011473516535,48,50,83,93,105,109
39.27817702547352,17.33498512648265,32,75,83,93,105,109
41.42268912856973,-5.360664149172259,26,83,87,93,105,109
28.945520388258593,17.63954880060997,83,90,93,103,105,109
23.123313736687813,13.18550166595887,19,28,83,93,105,109
24.30376752441042,13.72718350373811,56,83,93,105,109,110
31.691172029605134,9.366683318055234,12,83,93,105,109,122
29.610545693922248,9.423125343237883,38,44,83,93,105,109
26.07060652384796,14.63726660794117,43,83,93,105,107,109
30.082577214572034,8.841234490154493,36,44,83,93,105,109
32.64166115732266,11.299687184397477,64,68,83,93,105,109
36.436675835171805,12.913148585672836,83,93,105,106,109,124
36.04758701900985,15.411463311788749,16,33,83,93,105,109
24.303767524410425,13.727183503738113,7,56,83,93,105,109
34.529159092298286,15.121848282928077,83,91,93,105,109,126
29.358812655640442,17.629319081370216,43,83,93,105,109,125
30.854783204731287,12.908943629561744,26,48,83,93,105,109
28.78455217024067,10.25268433553452,35,83,93,105,109,110
28.70775705240618,19.548790286689886,33,45,83,93,105,109
35.413926291865735,18.51629746433775,36,83,93,105,109,124
34.65367753699373,5.960767526121642,83,93,105,109,116,122
31.05316460769818,9.568257223945665,16,28,83,93,105,109
26.903274884327097,15.708174335193224,41,48,83,93,105,109
29.99761225472441,14.788568499889776,81,83,93,94,105,109
33.091123946666144,4.309680571401084,36,83,93,105,109,116
37.21936222140721,23.43006508633241,32,63,83,93,105,109
25.673813576298198,16.810951192755937,15,83,93,103,105,109
24.303767524410425,13.727183503738113,45,54,83,93,105,109
33.90318667131902,14.887546157254887,63,83,93,105,109,128
35.90808694874891,12.831634771747307,37,83,93,105,109,120
34.943994311585584,9.604281853422467,14,82,83,93,105,109
29.53218176945267,4.9113724072892415,83,93,105,109,116,121
31.14578647301333,11.924341519180489,8,83,92,93,105,109
34.234647774106314,7.503488742374872,83,87,93,105,109,123
28.668511512016597,6.982658879171891,65,83,93,105,109,112
32.30336388672602,12.153743275424137,66,83,93,105,109,119
27.7422195334225,12.80012688945548,9,83,91,93,105,109
26.645794773577585,14.253437141203865,23,83,93,97,105,109
37.152718485870736,23.893899800318195,32,83,93,105,109,125
29.418167378106833,9.419156104510853,15,60,83,93,105,109
36.2829065400369,3.657967467748298,20,83,87,93,105,109
31.728941745258798,1.1744079357099486,57,83,87,93,105,109
29.301747336795177,11.578656334318174,15,67,83,93,105,109
34.89100045850766,9.285999855509655,35,82,83,93,105,109
26.221996516110508,13.272865146323928,22,41,83,93,105,109
37.62535841401792,2.876496916001113,13,83,93,105,109,118
29.70957199331444,7.713040084028432,57,83,84,93,105,109
31.909086939428047,23.481972483638458,55,83,93,98,105,109
38.54592278044878,8.915275094621203,52,83,93,105,109,126
29.643041856340414,7.87675067448904,78,83,92,93,105,109
34.74084237831136,7.700109616065352,19,83,93,105,109,127
31.207454693851997,10.76878827761721,83,93,101,105,109,121
26.48961679802616,14.94050710917667,52,57,83,93,105,109
27.528951563224084,21.6506739084996,83,88,93,105,109,129
28.668511512016597,6.982658879171888,65,83,93,105,108,109
30.06634759366997,17.11021150285051,71,83,93,103,105,109
31.34022179588619,8.5481352993283,22,83,93,104,105,109
30.22381028210076,8.816523611735796,83,93,105,108,109,123
31.633864006720827,11.219620494274931,28,72,83,93,105,109
33.707797736368576,9.444130790533126,6,8,83,93,105,109
35.508154751944495,12.354336604348244,50,83,85,93,105,109
31.67558476847222,8.844072838864484,12,83,93,105,109,115
35.40225078249762,13.967139236987162,20,66,83,93,105,109
29.09060122845598,16.214605567486384,76,83,88,93,105,109
27.55029567116863,9.608021933901263,35,42,83,93,105,109
33.41099384388171,7.987749838767125,82,83,93,105,108,109
41.65943204088332,9.794945771906509,16,39,83,93,105,109
25.183925139604913,16.27680164814167,83,91,93,105,109,112
31.995973190350874,12.863254663383124,59,83,85,93,105,109
27.823829252164426,9.191106181936332,7,40,83,93,105,109
26.546192257498017,12.988440137545883,7,27,83,93,105,109
32.535370267227336,15.249437613585298,25,67,83,93,105,109
27.837070352467403,15.416602072961261,7,83,90,93,105,109
41.143090893370854,17.237748614986202,65,66,83,93,105,109
32.74491052030547,10.223600872766866,11,40,83,93,105,109
30.71812996212351,10.30630078784868,10,83,93,104,105,109
31.62589807245707,9.02500921264641,12,77,83,93,105,109
30.616980959775127,12.588764602452867,30,83,93,105,109,122
29.418167378106833,9.419156104510854,60,83,93,105,109,112
30.369676273460694,16.30638785835117,31,76,83,93,105,109
23.259067364633488,19.03905218902315,51,75,83,93,105,109
35.17403398130333,12.46914669248001,9,83,93,105,109,128
32.351299188374554,9.667848400793732,68,83,93,105,107,109
25.183925139604916,16.276801648141696,23,56,83,93,105,109
32.30336388672602,12.153743275424139,28,66,83,93,105,109
29.445125282099234,9.414950067480394,40,65,83,93,105,109
30.561331935802414,9.036131131788943,13,51,83,93,105,109
30.55395206734999,9.883650013619908,61,83,86,93,105,109
29.93971028513824,15.984844383631932,83,85,93,105,107,109
28.429007655457244,9.626972660690921,51,83,93,94,105,109
41.18124413945648,11.217521382217877,61,83,93,103,105,109
30.90963848438716,14.736754619548096,6,22,83,93,105,109
25.462048965115013,14.113959182446829,45,48,83,93,105,109
29.4812250553699,15.083861168967923,24,75,83,93,105,109
30.007580467404583,13.23065594185784,23,67,83,93,105,109
37.339132391150834,11.190259108835292,14,83,93,105,109,113
29.66376457627233,14.696750169765854,23,83,93,96,105,109
25.183925139604916,16.27680164814169,47,83,91,93,105,109
32.92997926585254,6.768048042935038,16,31,83,93,105,109
38.22482870617853,8.268994151598484,34,72,83,93,105,109
34.262036987874644,7.621935582560655,39,64,83,93,105,109
30.647031238051397,10.50641663544787,53,83,93,102,105,109
28.13777432515402,20.77291068651845,53,83,93,105,109,129
34.67587595856358,15.561357529688111,83,93,95,103,105,109
33.21687599041804,15.322041247959158,82,83,93,105,109,129
29.301747336795174,11.578656334318172,67,83,93,105,108,109
24.303767524410425,13.727183503738113,28,57,83,93,105,109
30.670524217234096,13.7524445806863,76,83,89,93,105,109
36.154344096604675,11.898032619947061,17,31,83,93,105,109
37.568150248680844,9.61637878168976,60,83,93,105,109,129
31.208642196394337,12.635501156350337,64,83,93,105,109,111
36.1008176715832,8.196121928312971,83,93,102,105,109,123
27.4601693943459,13.58390870754557,46,83,93,105,108,109
34.76705999956974,6.751414306882034,50,83,93,105,109,120
27.51416032043083,11.721671980539936,38,83,86,93,105,109
36.63098204827238,23.0325040725801,32,83,93,105,106,109
36.698791581493,8.004059860135236,25,83,93,105,109,120
32.59788825310093,10.63433294138471,70,83,93,105,109,116
32.89089534883631,8.545045774943896,44,66,83,93,105,109
27.823829252164433,9.191106181936329,40,83,86,93,105,109
33.08152546357465,6.57890050650716,8,67,83,93,105,109
27.049611237883845,22.31902593821446,49,58,79,88,94,106
37.663465109952234,20.43530912339456,69,79,88,94,101,106
29.744018497189906,19.513981238618516,59,79,88,94,106,129
37.17378522527357,8.439371539783476,12,79,88,94,106,116
29.890784794081593,13.91085232869618,78,79,88,94,106,129
36.08284237700856,5.118170783537783,79,80,88,94,106,120
26.094817187629143,20.79559984232759,57,79,88,94,106,129
29.860758861076786,12.236955057500209,38,50,79,88,94,106
26.602883503584934,16.224927626210505,43,79,88,94,105,106
30.79453046791561,18.74570004960572,44,75,79,88,94,106
36.713333634382394,14.466175423688208,79,82,88,94,106,127
30.006569025361525,17.84390329517622,71,79,88,94,105,106
26.81889123095545,13.160610743628556,7,14,79,88,94,106
36.53642355282928,14.516609657172117,79,88,93,94,106,115
36.40797295628078,8.373049864295153,35,79,88,94,106,123
32.256616554517954,15.303163015546684,30,79,88,94,102,106
22.35394758594873,29.412839170145386,34,88,94,98,101,106
25.883002412882167,18.679006219823794,46,88,94,99,101,106
26.62444312213171,14.153805515816694,62,88,94,101,106,112
28.957618064447995,19.574650022359588,88,94,95,101,106,122
23.316529659443148,21.27516869032366,6,7,88,94,101,106
22.52948229401208,15.646021747247078,43,75,88,94,101,106
19.155673622240382,15.369789876775366,7,31,88,94,101,106
23.250309109581323,22.25688946589269,54,68,88,94,101,106
21.969067104339935,22.70085258688475,88,92,94,101,106,112
33.729285625443254,17.074760750903827,74,88,94,101,106,124
58.939119060066375,3.4393433956731996,33,88,90,94,101,106
25.723987159936485,17.49117964317105,26,37,88,94,101,106
18.306875070925145,33.185972451829564,28,32,88,94,101,106
23.868549175181837,20.369136142294707,88,94,101,106,107,112
22.3016535972845,15.000716563573066,30,76,88,94,101,106
29.294916353747016,3.0745557038368028,6,68,90,94,101,106
21.589134454646185,2.9572711879795364,71,86,90,94,101,106
28.11064561883134,3.7871182346022825,10,30,90,94,101,106
25.347877224300323,5.31681694478106,13,90,94,101,106,111
32.25620223813898,4.853246058890593,66,90,94,101,106,127
27.73908118621194,2.7500375459283286,44,90,94,101,106,122
29.26885165915388,2.7481389093431887,76,85,90,94,101,106
33.072887194081254,8.890364265286923,6,90,94,101,105,106
23.91958338552967,6.996900128470255,47,90,93,94,101,106
21.008041277645155,6.4169380716751965,90,94,101,106,110,116
22.867052639405472,9.189270058471426,20,85,90,94,101,106
23.33602305199993,6.5199224364433075,57,64,90,94,101,106
19.807023993959824,7.818669659788479,14,15,90,94,101,106
22.95491713705912,4.12154909850986,15,25,90,94,101,106
19.829186027209843,7.208129379475397,10,28,90,94,101,106
21.72489516988172,5.078934394795876,84,90,94,101,106,121
21.319747038284202,6.749347031881611,41,55,90,94,101,106
33.69959196425499,7.269434578670515,62,85,90,94,101,106
20.061237995299244,7.945084572501683,43,90,91,94,101,106
21.58913445464619,2.9572711879795346,71,90,94,101,106,119
26.680395389497246,0.8534346064560131,49,90,94,101,106,107
27.800109265582897,2.0935824647602628,50,90,94,101,104,106
26.409791083878098,7.585371166138973,24,90,94,101,106,120
23.40969446412429,5.060234171689407,7,89,90,94,101,106
26.659472810466657,6.692846265909623,63,90,94,95,101,106
27.290225249595096,5.397973592748367,14,65,90,94,101,106
25.83955780923936,3.5235145812668467,63,90,94,101,106,111
20.061237995299237,7.945084572501688,23,45,90,94,101,106
25.925885048353923,3.9318625780083254,12,86,90,94,101,106
34.59891289238806,0.1997560509701448,18,46,90,94,101,106
28.440527285060377,1.16612322439893,49,72,90,94,101,106
25.925885048353923,3.9318625780083254,12,53,90,94,101,106
23.96194110994269,5.317863188057913,25,37,90,94,101,106
26.110075750368022,6.072389536656061,82,90,94,101,106,111
25.695803724212972,4.3956929463186345,19,90,94,101,104,106
28.540549404214424,-0.0668235650217837,46,90,94,101,102,106
27.783131170300216,23.318910815255503,85,90,94,101,106,129
26.006351869196997,2.2117318586322634,44,55,90,94,101,106
27.042558176693024,2.920224183209875,42,65,90,94,101,106
26.099295603493005,-0.5349252735638416,70,79,90,94,101,106
30.298951341296853,5.481793468510782,11,27,90,94,101,106
28.54295076633597,15.57505009639008,81,90,94,101,104,106
27.535375909491282,7.199930395287553,16,37,90,94,101,106
25.5379728583791,16.616506300060227,74,90,94,101,105,106
28.747559733640735,3.556513240309826,22,69,90,94,101,106
31.807003811833695,2.5494113666350415,6,84,90,94,101,106
25.610512520767802,2.791966150458118,14,44,90,94,101,106
27.807750733893393,23.34590321388644,90,94,101,106,113,117
30.92940955636125,4.073705856243968,42,48,90,94,101,106
35.11569034505308,1.0241283329513478,18,79,90,94,101,106
32.204404033421795,-1.1909171234427771,58,69,90,94,101,106
28.48388859384136,2.7074823622095856,60,90,94,101,106,111
29.86367158023552,-0.7870771832039622,6,90,94,101,102,106
22.551571118016106,2.1848389149604936,9,90,94,101,106,116
20.091772400600753,7.849355428357379,90,94,101,103,106,112
39.02345824987569,2.7405909336472254,67,90,94,101,106,122
25.3840866781685,11.128051935396497,25,90,94,96,101,106
18.9375417664965,12.228022226301423,29,70,90,94,101,106
20.06123799529924,7.945084572501686,23,90,94,101,106,108
31.54527867882699,5.917663199595008,12,90,94,101,106,128
27.494603837713353,8.458920100981471,16,65,90,94,101,106
24.512278674787584,3.1980391936034067,90,94,97,101,106,122
30.745391948653253,7.602729240464865,63,90,94,101,106,128
33.06774644299848,7.517738026214712,9,90,94,101,106,127
31.33738087507963,3.7844297290327042,30,90,94,101,104,106
19.326464657570895,6.779643288384461,51,87,90,94,101,106
31.510043127504062,0.7660286002129342,58,83,90,94,101,106
40.880145705089795,2.6132317367540816,6,78,90,94,101,106
26.099458461963216,12.217569142073854,20,90,94,101,106,128
24.08389814511961,1.4284624492763744,15,50,90,94,101,106
34.99841287129293,-1.4235670421015447,18,31,90,94,101,106
24.100672566802317,1.2505164004691367,49,90,94,101,106,114
22.664858294065517,5.016682127746166,76,90,94,101,106,121
36.57225047068878,7.209432121800135,16,90,94,101,106,126
24.7590676519099,1.8154885108633176,49,70,90,94,101,106
20.340078257122197,6.788946040048413,21,54,90,94,101,106
28.627188227942373,3.801731169743826,59,67,90,94,101,106
25.509119290834,2.5209753824608137,39,51,90,94,101,106
28.266063515215073,3.986495404642443,65,71,90,94,101,106
23.242388055429227,8.045680217988135,76,90,94,101,106,116
27.861401228176163,20.692400482810836,90,94,95,101,106,117
23.33602305199993,6.5199224364433075,51,64,90,94,101,106
24.256359629382906,8.144440155148445,17,90,94,101,102,106
29.444861126369418,9.821569016683947,36,85,90,94,101,106
23.76780502623612,8.638502386194073,40,41,90,94,101,106
27.87268220232266,6.915264358341383,62,77,90,94,101,106
20.061237995299244,7.945084572501683,10,23,90,94,101,106
35.34386479594078,2.6242744165412764,90,94,101,106,109,126
21.9116699253804,6.976912610746734,56,90,94,101,106,109
24.539427667097396,2.7589440075338927,12,31,90,94,101,106
28.286134808830123,9.362191110231054,41,90,94,101,105,106
66.68198364689077,0.14476625068783674,90,94,98,101,104,106
21.319747038284202,6.749347031881611,41,57,90,94,101,106
23.336023051999927,6.519922436443285,64,90,94,101,106,108
27.12563936016889,21.759173844030133,66,90,94,98,101,106
26.74206472023345,0.7501092609558659,49,90,94,101,104,106
24.743917403950267,22.054854183218627,45,90,94,101,106,125
27.807750733893393,23.34590321388644,90,94,101,106,113,117
22.571111793316305,8.861643896977256,66,90,94,100,101,106
25.019172151904186,3.768265045524162,9,90,94,95,101,106
28.286134808830123,9.362191110231054,41,90,94,101,105,106
22.88853233608264,2.9776143842293896,56,63,90,94,101,106
29.533250736091528,6.9075619237818415,82,90,94,95,101,106
23.70998608669602,3.909975817949414,27,53,90,94,101,106
26.592549566139596,10.39053008552635,90,94,99,101,106,128
35.70302384303687,13.151355473558937,37,62,98,101,104,106
48.58135914694994,6.253278422986319,86,98,101,104,106,129
29.251141949437432,20.600121953038755,45,67,98,101,104,106
25.41561654938424,15.63374582704974,45,98,101,104,106,114
30.40858850798106,11.665486892139883,21,44,98,101,104,106
31.79027847004076,23.434104210103943,50,85,98,101,104,106
28.205854619460187,20.907903481475,98,101,104,105,106,110
30.857269701833392,24.596929661013846,98,101,103,104,106,120
31.622278988491754,20.152817520707,48,67,98,101,104,106
26.525504984902955,20.006751604427414,84,91,98,101,104,106
23.246181573905442,23.32210749500786,98,101,104,106,110,119
25.867982028994653,20.97724858155827,57,84,98,101,104,106
25.64779400199986,17.256375113714444,23,36,98,101,104,106
29.644326483108628,16.074561997705388,58,98,101,104,106,126
36.20845033987181,13.331804563131412,33,98,101,104,106,113
14.371837521388235,5.485819929772205,6,8,24,90,106,121
12.70407661854614,7.735466960531838,24,54,87,90,106,121
12.194039538341451,7.785033599520486,15,24,26,90,106,121
14.132175384555694,6.609300383109423,12,24,37,90,106,121
14.448281790785137,10.042696105018889,11,24,90,106,112,121
17.834925226033146,7.618151628980179,11,24,82,90,106,121
12.43918207194105,5.138505849243573,24,43,71,90,106,121
26.55680324902017,1.5414505730630448,12,24,90,106,121,128
17.506720373875265,2.4384984218006096,24,59,67,90,106,121
12.428749984679254,11.422415232557617,24,90,106,112,121,129
34.081923423304985,-3.0893880416367647,18,24,90,106,107,121
20.168106236524,19.528477422968457,24,48,90,106,120,121
23.83001953334885,6.10332286337066,24,85,90,100,106,121
15.64073135933493,10.380590269660528,24,90,91,104,106,121
30.82543158857339,8.00735398830031,24,33,90,106,121,126
20.53739875149611,5.24747520075452,24,78,90,99,106,121
31.95556887519218,8.892774324998996,90,106,107,113,121,127
24.390520127651932,15.202304839682842,13,90,106,107,121,125
23.081579813816223,4.005097678717107,73,90,103,106,107,121
18.104339406580852,7.19578214911949,90,106,107,111,121,122
17.08380044247412,6.852074350970714,55,90,92,106,107,121
20.399062933642472,6.260543607021529,13,40,90,106,107,121
19.602977777052764,6.0475005028478686,21,90,101,106,107,121
21.54462702372419,1.79033051851178,76,80,90,106,107,121
17.063953645443526,4.8219929409321,10,71,90,106,107,121
20.78771101139909,7.511050866047671,67,90,95,106,107,121
21.71216849553055,6.493187893997466,36,62,90,106,107,121
28.17543014671353,0.4262475160567941,78,83,90,106,107,121
20.001906536145007,3.7609022219728687,9,64,90,106,107,121
21.764620399344434,3.7646901658364715,82,90,97,106,107,121
17.08380044247412,6.852074350970714,54,90,91,106,107,121
22.45561548791871,2.8616638584164225,82,90,102,106,107,121
19.008845010347873,2.991034585972413,51,76,90,106,107,121
19.13827096771463,7.694446704831435,90,91,102,106,107,121
22.81352150287264,20.075478516703914,90,98,101,106,107,121
21.22361137479165,2.9126879155233487,72,90,106,107,111,121
21.1870214288427,5.545098780089612,75,90,106,107,121,122
19.6918891944413,7.171888243627037,35,41,90,106,107,121
21.704419204917446,2.572370574326045,34,49,90,106,107,121
25.586471917471112,6.397786227925732,42,85,90,106,107,121
19.99158333490832,5.705470318279069,57,89,90,106,107,121
22.40526944907171,6.81819337589132,17,90,106,107,114,121
18.297423975966208,3.379064275010018,67,86,90,106,107,121
25.12640580207614,2.117951403906399,44,90,101,106,107,121
26.218441270772843,3.5059258344062827,33,90,106,107,118,121
23.102354102491617,12.138510463671006,85,90,106,107,118,121
21.315964437019367,5.469177931085452,36,89,90,106,107,121
25.56238006437255,1.4450940283126341,11,90,97,106,107,121
25.8842625991269,-0.458685587884605,69,90,106,107,121,122
18.472218473100035,4.146975679753592,54,63,90,106,107,121
23.747342248392425,-0.32004430640000486,50,89,90,106,107,121
26.77575393089335,1.4080517387411842,83,90,106,107,121,128
17.083800442474118,6.852074350970729,22,47,90,106,107,121
15.716797957899354,18.523878737538524,29,76,90,106,107,121
26.947501020460326,14.039642944388058,90,97,106,107,121,124
22.142710765847095,0.5547299438485374,38,60,90,106,107,121
18.32269049851482,11.262335588516242,10,85,90,106,107,121
16.68071723678229,6.577688141366863,77,90,106,107,119,121
17.386518975829258,28.650049194808144,45,90,106,107,115,121
20.605976464932482,2.524561823060905,56,61,90,106,107,121
23.03077590626787,-1.101982479241149,38,72,90,106,107,121
14.85886223039368,26.949594479965942,23,29,90,106,107,121
17.181832352443195,6.111077808832742,21,90,92,106,107,121
16.77147308221243,5.748463752618632,87,90,106,107,111,121
17.28827995503515,7.153594433055739,15,90,106,107,121,122
23.319002104148336,11.472448956108666,39,83,90,106,107,121
20.203345644599967,1.6714797422789283,21,61,90,106,107,121
23.954644570631714,5.233274075626906,13,66,90,106,107,121
18.942904090645197,7.580432461770335,7,90,95,106,107,121
18.29742397596621,3.379064275010019,43,67,90,106,107,121
16.019763379596515,6.4505090649180445,41,45,90,106,107,121
22.694609165793448,15.864163872768948,40,90,106,107,121,125
27.247051990813702,3.8675308057193787,11,61,90,106,107,121
23.669614886150725,1.9089260526053702,53,65,90,106,107,121
23.002487019074408,6.226275034477901,62,78,90,106,107,121
26.79982622178499,34.33435026645073,85,90,106,107,121,125
20.718738452735934,12.294637524915322,78,85,90,106,107,121
17.083800442474114,6.852074350970702,22,23,90,106,107,121
22.5588648922125,1.3399860978782694,6,43,90,106,107,121
22.692178561517625,3.0149270386217433,25,50,90,106,107,121
19.10143844341582,16.51029614966013,64,90,106,107,117,121
27.746325835686697,2.272581006112747,11,79,90,106,107,121
19.840187941113903,3.2731898270687427,63,90,100,106,107,121
19.74831815424771,6.487940606054387,22,35,90,106,107,121
21.054933757393574,4.642530090507261,77,90,96,106,107,121
17.663662097539547,4.37333676241583,9,36,90,106,107,121
29.3136621350664,2.76637000979939,11,65,90,106,107,121
26.37213008587427,0.521827652898787,6,79,90,106,107,121
20.67537979190621,31.25388531079686,39,90,106,107,117,121
18.20819146401721,3.2049077264843495,71,90,106,107,114,121
22.75746525011531,5.11006231690236,10,33,90,106,107,121
24.073547256310608,5.362958423134767,15,90,106,107,121,127
20.657829235117013,1.3414402929483764,46,70,90,106,107,121
23.282284237513473,5.49348369465383,69,90,106,107,121,123
16.067367845145146,6.996690994848302,7,10,90,106,107,121
25.703382595881646,22.767442001330767,90,106,107,120,121,122
20.993341701678556,10.989154325076115,59,90,106,107,121,128
30.55937485496397,2.476216788548491,90,106,107,116,121,126
23.042447548112854,20.18181405292642,67,90,106,107,120,121
27.275580456871168,-0.8331139977871904,69,72,90,106,107,121
20.996254522977182,2.7384202390001184,76,90,103,106,107,121
22.432564572515194,1.980329719054644,11,70,90,106,107,121
20.85461758560724,2.4481768896661684,37,44,90,106,107,121
22.446382603415458,1.8128300378052977,6,42,90,106,107,121
20.972189664038893,22.175622226926844,88,90,93,106,107,121
24.073547256310608,5.362958423134767,86,90,106,107,121,127
19.494283837331153,5.248142782567091,36,84,90,106,107,121
24.849837157754425,7.225994240742633,19,90,96,106,107,121
23.824310413151146,2.07516953151312,60,90,99,106,107,121
25.948479164601878,5.201414459697909,61,90,96,106,107,121
29.36155515809193,6.1445632966102455,27,90,106,107,121,126
20.495902421641468,4.820949687294475,16,90,104,106,107,121
20.03447935368691,2.4996529951296185,12,22,90,106,107,121
18.721108542141398,4.55123220475975,84,90,104,106,107,121
20.5186563451641,8.712423385775164,51,90,106,107,109,121
19.51337682765638,10.834890583382867,85,90,106,107,121,122
23.207910215552204,6.556555961090403,63,90,106,107,121,128
27.013044596040444,7.552959965968584,30,90,106,107,121,128
19.190179560356675,7.946684436797736,58,90,94,106,107,121
23.829361442821206,3.9603758641024354,77,90,106,107,121,123
20.255905285447337,6.831668056135519,90,101,106,107,111,121
17.205767206794444,6.3149522350186995,84,90,106,107,108,121
22.460306609453113,3.053212288833322,7,11,90,106,107,121
25.348006209271162,2.5930667866090755,36,83,90,106,107,121
27.580680903387155,-0.7993353111599403,11,12,90,106,107,121
22.791524161374603,6.7382539612453805,26,34,90,106,107,121
21.484874859907137,4.92682100969895,25,90,106,107,121,122
21.421157098553273,7.8083859449456705,17,38,90,106,107,121
17.891982127569413,6.8122592197393805,45,78,90,106,107,121
18.117592618922956,6.911499323096728,13,28,90,106,107,121
18.32948663692797,6.157507222077659,27,90,91,106,107,121
18.440759734105747,9.208104952180568,15,90,94,106,107,121
21.569342686962813,9.065614275107281,78,90,106,107,109,121
20.23649901325799,5.210674280023546,27,90,106,107,118,121
22.76543743455021,20.895512553985178,38,90,98,106,107,121
19.33122233689444,27.93772054510908,27,90,106,107,117,121
19.889863979102625,7.138870830668452,10,90,101,106,107,121
19.51338423766412,1.9255291747068433,10,48,90,106,107,121
27.607077243250686,3.122788839871438,84,90,96,106,107,121
23.090288753189153,5.83469755156577,25,90,96,106,107,121
22.174117574865036,4.813464766217486,57,90,106,107,121,123
22.40588602392281,0.9562874282718723,52,90,104,106,107,121
23.669614886150725,1.9089260526053702,15,65,90,106,107,121
23.263175398994505,9.981268981944854,46,90,106,107,121,125
29.328552285140177,8.358208363452357,48,90,106,107,121,125
30.687484070373845,6.177542542400343,17,90,106,107,113,121
24.778634255673452,14.9745352492552,66,90,106,107,120,121
21.102766174457557,4.283561398498591,26,90,102,106,107,121
33.312464221378434,3.8988437113753958,39,90,106,107,121,126
20.736817559773062,11.607974356747308,75,81,90,106,107,121
19.021402364121528,7.402451140644496,47,90,102,106,107,121
20.64817663036878,3.8687705845311013,19,26,27,37,65,101
26.378566333289474,-0.23434893415543145,27,37,63,65,101,111
30.216720199602783,3.5107896774300804,27,37,65,66,101,113
20.882365266358107,2.6622601116556077,27,30,37,57,65,101
25.446087379365636,3.2832749448109864,27,37,39,65,67,101
23.39572521980224,20.281415363115354,17,27,37,65,98,101
33.85134223037788,2.7234345702495872,27,37,65,101,114,126
27.429455648376884,0.01761777098857198,27,37,65,87,101,109
19.653936524082404,0.7602045354479848,14,27,37,65,70,101
22.43432651081517,1.653744104651859,27,37,43,65,89,101
25.324270412726754,4.06967405971347,27,30,37,65,81,101
25.230199872819995,8.823365412434724,12,27,37,65,67,101
22.467540554721158,4.380123595712025,27,35,37,65,101,125
21.46996203719424,13.142069550285212,27,37,65,100,101,113
21.437060464367484,-1.6845398920860255,27,37,65,87,97,101
21.29143841012138,5.548626497862484,27,37,61,65,100,101
32.03630572572891,2.7520749198897887,65,75,76,101,114,126
39.07482118957928,4.580373522589721,39,65,67,101,114,126
37.97707729494281,0.7459516718362369,65,79,101,109,114,126
35.17249973136798,-0.10633619976278319,38,65,101,114,118,126
30.63981532944334,1.3053258273491237,65,101,111,112,114,126
26.812131548800487,1.7334184604177396,45,51,65,101,114,126
31.787518839228035,1.2519753588131284,20,23,65,101,114,126
34.347481050511114,-0.42487788368123786,52,65,101,114,121,126
41.02803784562329,2.5511679525425515,61,65,101,114,126,128
40.09030530199538,0.6221796920542072,34,64,65,101,114,126
26.812131548800487,1.7334184604177396,47,56,65,101,114,126
38.79264346944211,1.759197274543171,38,65,69,101,114,126
32.073033640364045,1.0465440530584336,20,54,65,101,114,126
34.43282712248472,-1.25688850560002,65,79,101,110,114,126
25.841601817888495,15.046443680695655,20,65,101,114,126,129
29.543620248260243,3.7818028505411343,101,114,119,123,126,128
41.59345050920321,7.559599291849298,85,101,106,114,126,128
32.519985902506036,19.9143443828262,32,60,101,114,126,128
37.279646932527164,0.5878333863753259,70,101,112,114,126,128
38.0339125493766,0.23335550429737306,54,73,101,114,126,128
45.29700344079679,2.7693236267813925,18,83,101,114,126,128
47.20122742281737,-2.2272718425748628,18,46,101,114,126,128
43.48121033939104,-1.4772734641298106,58,63,101,114,126,128
29.98900080478644,3.626819357962692,21,54,101,114,126,128
37.52725113812948,4.906666182908065,9,97,101,114,126,128
35.76519084890566,7.542223952383698,41,101,105,114,126,128
30.954927341942927,4.405206990638556,7,91,101,114,126,128
35.95334630132024,1.8681061270226231,33,59,101,114,126,128
33.97161509175022,4.897397672892595,53,82,101,114,126,128
32.37112068076819,3.416978758438814,13,21,101,114,126,128
38.076958140673725,1.167462185606788,22,27,101,114,126,128
34.94755410998806,4.339459781861205,8,54,101,114,126,128
38.26025171957835,4.220275661664388,37,71,101,114,126,128
37.42833858610859,3.9978596537364908,49,85,101,114,126,128
39.05105494132475,4.832174898196043,24,77,101,114,126,128
38.81157751401963,1.7016810970750775,49,99,101,114,126,128
36.60546780259698,1.476393691782347,7,27,101,114,126,128
34.946110662474645,9.724720373487246,17,35,101,114,126,128
36.7529590140303,7.4368552291609324,88,101,114,118,126,128
42.408094706504286,2.5941980197550834,59,75,101,114,126,128
27.536649107039505,17.25871795074096,98,101,114,115,126,128
35.661143122599256,3.4278407238107125,85,101,107,114,126,128
33.80910754734754,11.126642617281156,55,101,114,115,126,128
39.67456046137455,1.8811500800913696,77,96,101,114,126,128
30.954927341942927,4.405206990638556,10,92,101,114,126,128
33.205881583886196,6.811725388175022,88,89,101,114,126,128
39.988254067880135,3.1890625767617786,13,35,101,114,126,128
35.9398331828305,6.7449234878519375,34,84,101,114,126,128
36.24285390847741,2.807486161698853,37,41,101,114,126,128
44.6346236579637,0.5541023433858536,68,73,101,114,126,128
33.70974574947465,3.072194444053348,90,101,109,114,126,128
35.17165051163647,3.911683183840759,59,101,110,114,126,128
40.236761135655335,6.270310257163405,44,93,101,114,126,128
34.947554109988054,4.339459781861206,7,8,101,114,126,128
36.73953022838585,4.811071132643759,9,10,101,114,126,128
35.56159451256907,9.004835936781312,33,101,104,114,126,128
36.537742147144144,4.9604135632676005,59,101,114,118,126,128
36.27959293487443,5.172499636725885,86,101,114,126,127,128
39.46492236877384,3.708338078280862,7,64,101,114,126,128
26.12552141491085,15.51395092854927,55,98,101,114,126,128
37.05130239785288,3.80177716238438,44,101,112,114,126,128
45.13121712762414,-2.1850028029948523,58,76,101,114,126,128
28.779315453816395,4.5815213413539375,23,89,101,114,126,128
36.49964886017755,3.6962268209566007,34,85,101,114,126,128
38.704867492044336,5.908289180833693,26,56,101,114,126,128
32.460654206586,10.955583803716294,55,101,105,114,126,128
33.97161509175022,4.897397672892595,57,82,101,114,126,128
41.37768484053328,4.593933448164629,40,88,101,114,126,128
33.873497708783994,7.421677340064858,82,101,114,124,126,128
38.07033256531461,4.164828521940429,40,101,108,114,126,128
30.135439880451894,4.6604660530889035,53,56,101,114,126,128
38.67849899973757,4.879923326501874,35,85,101,114,126,128
30.954927341942927,4.405206990638556,28,91,101,114,126,128
32.58814869578,4.247865557425366,47,84,101,114,126,128
33.85158411370404,8.212385685426066,21,101,114,126,128,129
30.373620967097345,3.1089948595150476,10,17,101,114,126,128
46.38838582582325,4.092534660860809,60,82,101,114,126,128
39.217925204229154,6.97444873847354,25,40,101,114,126,128
35.873384375461086,4.470811755184322,34,47,101,114,126,128
40.01240483989171,2.053608690475728,64,74,101,114,126,128
34.94525234677982,4.716256970076115,20,41,101,114,126,128
35.762397097165085,15.612867892226253,26,88,101,114,126,128
35.02191696784281,10.200264313884285,83,101,114,125,126,128
30.99478720985544,6.134493065240339,89,100,101,114,126,128
42.19442596934783,3.587437208379896,27,101,106,114,126,128
30.135439880451894,4.660466053088901,43,101,114,121,126,128
39.04659161644868,2.5635047035565335,50,101,114,119,126,128
37.40519705778351,2.9269363297891187,6,45,101,114,126,128
36.62893821304291,5.6154517445175935,88,101,111,114,126,128
34.513838454083135,3.8196450779124564,89,101,109,114,126,128
31.837517280096563,7.614037870979516,16,31,101,114,126,128
37.76124443667625,4.482519333788972,10,101,104,114,126,128
42.84266595929936,4.348088055029064,62,101,106,114,126,128
28.321397311441775,5.558487249506187,29,43,101,114,126,128
40.71879183874273,4.262674917876506,58,101,106,114,126,128
35.17165051163648,3.9116831838407595,54,59,101,114,126,128
39.03920629623517,2.361315269519805,51,52,101,114,126,128
29.835063479728475,13.859198423154478,32,79,101,114,126,128
34.940843458242014,4.110184409314163,45,78,101,114,126,128
32.588148695780006,4.247865557425361,84,101,112,114,126,128
40.90772032241077,1.9956875781626873,74,81,101,114,126,128
38.22854258393713,1.9995596844400576,36,65,101,114,126,128
27.3807691205592,6.14167997568171,33,101,107,114,126,128
37.31607541306785,4.997902423699087,80,101,111,114,126,128
34.72952049315617,11.53000288103733,92,101,114,115,126,128
37.63490809692776,14.83000031899132,96,101,114,115,126,128
39.02141437306826,3.220811073938546,65,94,101,114,126,128
32.08938482851993,5.4263523973573,20,101,114,122,126,128
30.622358416420244,5.511624386231552,7,20,101,114,126,128
33.3632243789699,4.784856672931783,43,80,101,114,126,128
35.82744926239048,5.703920323620068,15,38,101,114,126,128
36.66776637912681,8.268624437699835,36,101,105,114,126,128
42.444585862029804,3.561714416739016,64,79,101,114,126,128
39.79218204390198,10.34505721626793,24,60,101,114,126,128
35.82744926239048,5.703920323620062,38,45,101,114,126,128
38.3708356280534,2.0753876907909694,96,101,111,114,126,128
41.890507163905895,1.1161945553280552,65,84,101,114,126,128
46.07044290806733,1.8042636472917282,59,101,104,114,126,128
39.03920629623517,2.361315269519805,47,52,101,114,126,128
47.76680495100641,1.7726196585686294,30,48,101,114,126,128
36.662294455960364,8.71885337243231,38,101,105,114,126,128
39.52152458768109,6.368442593264868,40,101,114,115,126,128
41.73277139432009,-1.5898494043589426,17,61,101,114,126,128
42.342406920407825,4.766722749905659,70,81,101,114,126,128
30.135439880451898,4.660466053088907,86,101,108,114,126,128
34.80891486256705,4.098698279982409,82,91,101,114,126,128
26.12552141491085,15.51395092854927,28,98,101,114,126,128
30.05891815950087,23.9914248926975,32,83,101,114,126,128
41.52689435092199,8.64703278883375,19,67,101,114,126,128
39.69127522953146,9.127287504281227,26,62,101,114,126,128
35.817169216648615,1.1124424351372397,84,87,101,114,126,128
42.2715717902242,1.7489227710788775,35,101,114,125,126,128
37.40519705778351,2.9269363297891187,6,56,101,114,126,128
39.651812945034834,7.747386861026562,6,101,114,115,126,128
35.9963082291594,2.463322015490985,99,101,103,114,126,128
21.259269719005708,4.021628233868204,8,10,64,87,107,116
16.285667650010367,4.479594986958234,64,87,104,107,112,116
15.698270266405881,3.4768801691678712,53,64,86,87,107,116
22.983717717463755,24.834639863832276,7,64,87,107,116,120
21.864478413687465,5.866575522730145,13,53,64,87,107,116
25.332222942513415,8.239992403664482,17,64,87,96,107,116
17.649022415654496,3.468800803204979,14,64,87,107,116,118
31.121445127234697,10.626953154449835,25,64,87,107,116,126
18.561542637807513,1.1414091400275372,55,64,87,103,107,116
31.89898669484344,0.5788521095091467,15,64,87,107,116,129
24.318282218994234,1.6312763272938124,27,64,87,102,107,116
21.867083920634634,1.7379710759852234,18,37,64,87,107,116
18.297300969368525,7.328603651854421,19,64,87,92,107,116
26.607809548234197,2.8897744887783006,12,64,87,107,116,122
29.009927478586764,0.73199418393227,64,81,87,107,108,116
18.377288119498512,4.866004264195755,30,51,64,87,107,116
41.22898398048815,-2.0247212255195435,33,75,87,107,116,129
28.503707622535998,1.1000788354569997,87,103,107,110,116,129
29.089845491569246,4.034660554321191,37,62,87,107,116,129
34.96061890553237,-0.24778723936651176,77,87,100,107,116,129
27.289195297779106,4.031921571460757,76,87,95,107,116,129
34.523769344155895,-4.737204047740685,33,42,87,107,116,129
33.47185890599312,0.16041450724653802,87,91,107,109,116,129
45.327650811795536,-2.607371589669706,33,85,87,107,116,129
27.713279784219193,-0.7645689436380311,58,87,107,116,119,129
35.30925466706254,-7.875607562817191,77,87,98,107,116,129
16.542244926429344,20.77765833490036,86,87,88,107,116,129
28.896815722450924,3.86408627160856,83,87,107,113,116,129
35.28017057799349,3.4480313537382816,11,45,87,107,116,129
34.786964979792074,2.1575715798624384,22,82,87,107,116,129
27.09124556323006,11.80903565212435,39,87,94,107,116,129
37.03420016865842,-1.5105382118756554,9,87,107,116,128,129
30.392917051328215,0.13360404114936536,19,87,107,111,116,129
21.010132177413933,26.532455355326313,32,70,87,107,116,129
24.77750358046478,5.828902195607602,87,96,98,107,116,129
36.27533144228503,1.9924369011199485,11,87,90,107,116,129
28.462828775450326,0.24573389356550895,23,51,87,107,116,129
34.12301885305214,1.7252456190330057,87,97,104,107,116,129
20.226502557471242,24.328011262594558,77,87,107,115,116,129
39.18844923755526,-0.611730749059516,38,87,94,107,116,129
31.48855790870453,1.265659673265361,49,63,87,107,116,129
34.78889378056984,4.919722911461853,62,87,107,109,116,129
25.48018986956759,24.032966947716524,12,87,107,116,120,129
18.08864254233763,23.992771714789903,32,87,104,107,116,129
31.186947424388293,-1.5297520622168268,52,78,87,107,116,129
25.385087844677056,2.969090281387996,21,25,87,107,116,129
35.881230426819634,1.523950056115209,8,18,87,107,116,129
33.79453011550114,0.4739976970821749,17,87,107,108,116,129
30.53491288069694,-0.193219877110447,74,87,107,112,116,129
35.09371376000557,7.581793043443017,51,72,87,107,116,129
30.469449418294833,-1.3060916962252138,42,87,107,112,116,129
27.855731423098426,2.9589584168280814,29,68,87,107,116,129
26.791959454609877,3.7342336792984256,26,87,107,116,121,129
36.37274205723095,0.15887049328842606,36,87,95,107,116,129
24.665078067525613,4.7548634108586185,25,77,87,107,116,129
34.18744003235177,-0.5397746572188761,31,48,87,107,116,129
44.115765406828054,-0.5281947837392469,36,87,107,116,126,129
35.513050630595615,0.5899644000848505,38,87,100,107,116,129
42.42158674477416,1.3356849400799655,30,87,107,116,122,129
40.52449865910585,0.924236726306631,44,82,87,107,116,129
32.79462880051278,1.7969090435914115,39,87,107,113,116,129
26.40859597745239,1.6377662241401312,7,87,107,116,122,129
32.813622402982,2.776703554036171,45,73,87,107,116,129
42.62853642045219,-0.04794295116413232,87,90,107,116,126,129
37.81499836001021,-2.9146850059845244,87,107,113,116,128,129
51.6562050684874,11.019508253823265,73,79,87,107,116,129
43.67430855837725,-2.9150697199281757,53,87,107,116,124,129
39.94617971166712,-2.6448831820460073,16,47,87,107,116,129
34.96968868585145,1.5431825225795543,67,87,100,107,116,129
28.320359587531623,9.324230975608119,87,99,107,116,122,129
37.86782913275311,-2.3951737456074498,18,87,107,112,116,129
33.66569246851829,1.3403079691265618,12,23,87,107,116,129
31.89898669484344,0.5788521095091467,54,64,87,107,116,129
34.47057421079751,0.5062037144342936,48,52,87,107,116,129
33.20295641052475,1.4954345938339826,20,82,87,107,116,129
34.090448840746724,-3.1023226464683247,32,87,107,116,122,129
41.75990432262577,-1.143254025844,38,87,89,107,116,129
37.38956123997132,-0.22967786418296005,39,78,87,107,116,129
29.770235025784245,0.6754579712985281,87,93,107,110,116,129
38.17109566211227,3.913652841870753,38,59,87,107,116,129
58.99834493813585,2.199994966597165,60,67,87,107,116,129
34.94482835849807,6.308709597004452,63,87,96,107,116,129
43.35252381912575,-1.7321640430181786,47,87,107,116,126,129
34.316666534430986,-0.10130376416390167,87,107,109,111,116,129
28.462828775450333,0.24573389356550895,28,87,92,107,116,129
21.50844667921804,24.94638988196142,87,99,107,116,117,129
27.591969954517207,2.373702750347258,25,87,91,107,116,129
29.589317434294877,12.231220148490547,69,87,96,107,116,129
22.08302129452594,6.276141944162598,25,46,87,107,116,129
27.637474364498647,4.724895227434625,9,87,95,107,116,129
37.816106293727124,-4.9461099343680655,33,36,87,107,116,129
30.529465962461554,0.040242614684647446,25,87,107,116,118,129
34.285073895344915,0.7447530418330736,87,101,107,109,116,129
41.62116996548413,3.0016597032687415,11,17,87,107,116,129
25.535698241139045,1.894450411730928,19,77,87,107,116,129
42.41884881958016,3.5045414356674196,30,72,87,107,116,129
24.83363169853438,4.860559274966047,15,83,87,107,116,129
30.324617567553116,10.568050547740434,34,62,87,107,116,129
31.87451075936166,0.5768120793121166,59,86,87,107,116,129
44.555652633833134,-4.0639946105749125,6,61,87,107,116,129
30.225686292448483,9.317915434294354,62,87,102,107,116,129
17.341954408000394,24.07705058778432,31,32,87,107,116,129
34.25947498142814,1.0376534149288033,31,87,107,116,121,129
31.309574123483312,6.0835993817502745,13,80,87,107,116,129
28.962128833239973,1.8603299362003776,23,68,87,107,116,129
24.47256829460162,6.227049128201409,19,87,105,107,116,129
40.182553161128375,-5.853226178852002,32,87,107,116,126,129
15.12731273529969,23.010472963037696,87,88,104,107,116,129
36.47290963159879,-3.383849065497433,32,40,87,107,116,129
26.332893182904765,17.693388320652442,73,87,98,107,116,129
16.54224492642934,20.777658334900348,87,88,107,116,119,129
18.54840193480796,17.06162377215589,52,87,88,107,116,129
36.64266133372565,10.975449583891617,16,82,87,107,116,129
33.75293871448519,0.935896551599925,14,87,101,107,116,129
25.903115319296365,8.394047373611775,25,31,87,107,116,129
28.840207423156357,5.368500103490262,36,62,87,107,116,129
34.42994017221431,1.4125626379754506,87,94,107,114,116,129
27.30346802973231,0.5282511566600241,51,55,87,107,116,129
33.04182438436695,1.7286730039796891,87,101,107,116,121,129
43.821418770989624,-0.3283976757897198,22,30,87,107,116,129
43.72255185908009,-0.4623365918557035,87,96,100,107,116,129
32.30267670364242,1.4039466319993734,87,96,104,107,116,129
34.993232571259135,-2.091893850539026,36,44,87,107,116,129
25.821913261325108,16.898902161242884,49,87,99,107,116,129
36.10542448027882,0.27816736689578,48,80,87,107,116,129
17.642089208367995,27.409044395792897,32,48,87,107,116,129
28.48397221453152,10.409654538895339,77,87,106,107,116,129
31.09955437383407,2.5139191322875574,20,59,87,107,116,129
27.303468029732308,0.5282511566600243,7,87,107,116,119,129
32.617555779380986,-1.9741564605877435,38,64,87,107,116,129
29.16065414468229,5.104917367092234,43,62,87,107,116,129
19.490337434464756,14.889190004421025,35,46,87,107,116,129
32.14683158122135,1.1073990226684909,87,94,107,116,122,129
37.867829132753116,-2.3951737456074516,15,18,87,107,116,129
31.51143813982779,0.9809008581208286,22,87,104,107,116,129
36.30008411257735,-1.8847972372479487,29,45,87,107,116,129
27.91883168043023,-0.685419348809232,56,66,87,107,116,129
30.527296980924778,-1.555269008355637,36,68,87,107,116,129
32.813622402982,2.776703554036171,56,73,87,107,116,129
29.269496330731947,-1.831153325212949,52,53,87,107,116,129
29.42621483833787,11.797437140030269,39,87,96,107,116,129
37.82713332625287,-4.667699688541964,33,87,90,107,116,129
35.42965806767056,-4.099644390172172,36,87,98,107,116,129
33.92789965449552,-0.5942373346380637,63,87,107,108,116,129
43.235884891966414,-2.745883462611519,30,87,93,107,116,129
32.22957597210049,-1.8047546440748259,37,76,87,107,116,129
26.432171514095877,-1.9164801794019612,20,65,87,107,116,129
31.2297879414487,-2.6901772830767556,24,55,87,107,116,129
23.412677653626858,11.31675634160346,52,81,87,107,116,129
28.64033208815838,4.992355425634583,83,87,99,107,116,129
27.131750648128243,1.6101088428379917,28,41,87,107,116,129
22.841912331878166,7.0314413763655415,25,28,49,103,114,125
26.53986319856556,12.734094823885425,49,52,68,103,114,125
18.60403743503036,12.878412362999763,49,100,103,112,114,125
27.781153475997378,19.45240767102789,29,49,83,103,114,125
22.152365508462,5.825842211356099,15,49,86,103,114,125
25.140370227435344,20.03808573308924,49,59,93,103,114,125
30.226819995411745,7.720515375050257,49,77,83,103,114,125
28.361083669638937,7.062298548763075,49,65,67,103,114,125
24.146426425662106,9.322139881095827,14,20,49,103,114,125
21.325824063015666,20.839129623919654,49,88,103,107,114,125
26.48293874076709,3.182139943683852,49,50,87,103,114,125
27.798110694508882,6.254106509862086,49,78,101,103,114,125
25.31631229056432,7.5932343063243835,40,49,61,103,114,125
27.53205890903631,10.648705748772558,49,58,59,103,114,125
25.371824300136232,19.460212308261227,49,72,103,105,114,125
23.11542120038217,11.007216671438378,49,56,68,103,114,125
23.041528815803513,20.13423859607771,27,83,92,103,114,125
32.52130383488545,10.181766866745187,76,78,83,103,114,125
28.867918554418296,16.309688972855213,27,83,85,103,114,125
32.06107793231888,9.709615165665847,68,80,83,103,114,125
20.907105346119664,14.02786137445804,47,54,83,103,114,125
26.134374989175573,19.18278332518821,27,83,96,103,114,125
35.35989597056398,12.853642582014082,73,83,96,103,114,125
32.680904395540765,7.495095541076209,13,58,83,103,114,125
23.912504809146377,16.66418123593287,16,83,95,103,114,125
28.988365959242053,10.001765333933715,26,76,83,103,114,125
27.05740699972703,15.446895473760817,75,83,87,103,114,125
27.867768503182972,13.578584049312205,83,103,114,115,125,129
41.46765840328695,4.555924588286772,83,98,103,114,120,125
35.99485600388535,6.546388576473192,13,19,83,103,114,125
27.58101549956187,12.635870639530822,50,83,91,103,114,125
29.84592359046879,16.770436966562006,77,103,114,120,125,126
26.941611102233914,21.16084657272405,6,97,103,114,120,125
29.375536905913055,18.143529980930698,16,103,107,114,120,125
26.065894612092677,10.39909070127805,91,103,114,120,123,125
24.358633086800484,26.285266962683014,22,63,103,114,120,125
28.18574909660552,22.970844654588397,103,105,114,115,120,125
28.480906778327395,13.14590274512967,34,66,103,114,120,125
25.573323040132923,8.108408621914307,50,70,103,114,120,125
40.05501784875873,11.004576852079511,69,79,103,114,120,125
27.713822385443155,12.131408399008855,73,75,103,114,120,125
24.955373734479274,20.882167185077098,37,65,103,114,120,125
24.594921366232587,16.685194630864093,28,66,103,114,120,125
22.600720672556246,20.6074970271322,9,21,103,114,120,125
34.94946851170664,17.27113222267054,32,73,103,114,120,125
27.124195747205043,11.449974154661422,52,89,103,114,120,125
27.26011252277732,21.334584174305142,68,103,114,120,123,125
18.974223107736876,24.99375081799831,42,87,103,114,120,125
26.33264811768754,27.63000461146406,41,85,103,114,120,125
32.40658107936831,18.762791036684256,34,80,103,114,120,125
27.483295134207097,10.703151738702093,30,34,103,114,120,125
33.4524413622218,20.943805953757344,63,81,103,114,120,125
26.66342702143883,18.112636169865365,49,64,103,114,120,125
24.91968191860901,21.218679216495246,91,103,112,114,120,125
34.13155972390575,11.75946511461783,32,96,103,114,120,125
25.12877423690482,20.01687035313487,7,45,103,114,120,125
27.299940915502454,16.810495429976662,33,40,103,114,120,125
32.377283221828165,13.68010768443139,63,82,103,114,120,125
33.311669513229035,9.117120053908751,22,103,114,120,125,127
30.544750906772443,15.097333226989456,8,28,103,114,120,125
27.445075336794805,20.87700083289144,41,77,103,114,120,125
24.73568323632055,25.02067413149358,62,103,108,114,120,125
31.23111295554496,8.723158030304308,18,84,103,114,120,125
31.458329095422776,19.82178860334294,11,34,103,114,120,125
26.862649408634834,16.533910959783864,22,84,103,114,120,125
29.736197954013036,20.835548265112994,58,76,103,114,120,125
32.25669208835744,15.967388785889753,96,103,114,116,120,125
30.398077694010052,20.646952626915112,59,93,103,114,120,125
25.637991390057334,12.595858702039061,24,103,111,114,120,125
33.11325774290261,8.568400983990976,12,13,103,114,120,125
26.93920543468378,4.617581094857014,103,114,118,120,125,129
25.114451030353635,20.708647788506042,33,74,103,114,120,125
33.21966478530748,9.051748343130807,13,32,103,114,120,125
34.23318410335188,12.460473509583625,72,82,103,114,120,125
28.616101850571823,16.3101289254838,28,103,114,115,120,125
25.787893263259292,20.019810298258957,33,37,103,114,120,125
25.128774236904817,20.016870353134873,45,103,114,119,120,125
25.88393271956414,18.79852481366049,27,103,105,114,120,125
30.53383653153364,11.206810460350379,42,73,103,114,120,125
40.96150028051663,16.515781490487875,62,79,103,114,120,125
39.149898270204865,7.562062857233373,32,103,114,120,124,125
27.054811473217395,9.74724923770751,19,93,103,114,120,125
26.54516237745508,16.45218312223872,75,103,114,118,120,125
24.911753348719564,24.594449458977646,49,62,103,114,120,125
26.327552443185752,17.67575157805506,24,75,103,114,120,125
32.28420802686842,9.340871430795676,27,39,103,114,120,125
25.08041105196824,24.35639848445086,34,103,114,120,121,125
29.46063096977555,14.983448619401901,99,103,114,120,122,125
25.128774236904817,20.016870353134873,55,103,110,114,120,125
24.452927537414354,24.06961833206703,74,103,109,114,120,125
25.12877423690482,20.016870353134873,51,103,114,120,121,125
30.418705335159828,6.386041345011253,52,78,103,114,120,125
28.6399593425162,15.991503400861598,12,89,103,114,120,125
27.006436785980792,21.681610013415874,6,12,103,114,120,125
30.852694724234233,12.172609802585779,70,81,103,114,120,125
26.002790575307337,7.468881002176199,29,103,112,114,120,125
24.73811018995875,27.341612824009346,26,103,108,114,120,125
25.128774236904817,20.016870353134873,57,103,114,119,120,125
29.08744857658962,18.972294478262796,80,92,103,114,120,125
33.177965770397435,7.06170379172885,27,97,103,114,120,125
25.390848845217995,28.504305293714676,26,91,103,114,120,125
26.902110322775975,20.0127506440518,16,24,103,114,120,125
21.072307237958672,24.991170593015656,18,87,103,114,120,125
23.757149710600665,12.090839041045255,64,88,103,114,120,125
26.851320191058235,23.877680086162783,55,103,109,114,120,125
23.321534181322107,25.805042697344465,6,28,103,114,120,125
33.55461702058831,17.666929828729916,78,101,103,114,120,125
30.730377227210838,22.353744038685374,61,96,103,114,120,125
25.90681429520515,26.586385503896953,63,103,114,120,124,125
25.243427253188756,26.939518594229423,46,103,114,120,124,125
25.112890840138448,20.569611216358414,14,55,103,114,120,125
30.308501264082437,18.819707978453852,89,103,114,116,120,125
23.957906629714724,15.01568323108095,22,52,103,114,120,125
28.06996717660492,20.535933012195922,14,103,106,114,120,125
25.95900491949166,14.543017691292977,31,68,103,114,120,125
22.75480883700388,23.340182581629854,87,96,103,114,120,125
26.318911935196084,22.336366041000392,94,103,114,120,121,125
25.08041105196824,24.35639848445086,34,103,112,114,120,125
24.053303138083795,17.254904909591804,19,76,103,114,120,125
24.919681918609008,21.218679216495254,23,55,103,114,120,125
29.62205566486767,13.988596217321861,21,103,113,114,120,125
27.276834273211016,10.345782816220128,7,39,103,114,120,125
25.845357556870745,23.513716194131884,89,100,103,114,120,125
24.34923947142507,23.82014438696304,6,42,103,114,120,125
22.413688761637626,26.65633080511917,53,65,103,114,120,125
32.42334584246033,15.295797235015874,81,99,103,114,120,125
22.912139524857114,22.628829204194606,62,74,103,114,120,125
25.777710811920926,13.40260329552296,50,71,103,114,120,125
28.74967053070575,10.504885110204855,40,103,114,120,123,125
22.038703485512112,10.13752600050529,17,103,114,120,125,127
37.49606204112088,10.767772106606383,11,81,103,114,120,125
30.418705335159828,6.386041345011253,52,78,103,114,120,125
25.907146779686354,18.868629385823706,103,112,114,120,124,125
23.77463246695696,15.98710175528603,33,92,103,114,120,125
26.62362315362159,25.50112898713448,53,58,103,114,120,125
23.29479455125975,13.641683151447891,7,50,103,114,120,125
19.39117112814388,26.756710016815084,7,87,103,114,120,125
28.309712849699764,12.368499836549956,15,93,103,114,120,125
27.559400063189813,16.98833115251725,18,93,103,114,120,125
29.572346684987387,15.86225465804608,40,103,104,114,120,125
33.311669513229035,9.117120053908751,23,103,114,120,125,127
28.540346147579747,21.332242822553813,22,103,106,114,120,125
24.72277790817841,22.25397500159381,56,95,103,114,120,125
29.076518290707263,24.334124791425086,17,34,103,114,120,125
26.424323373393324,13.703600146378326,46,84,103,114,120,125
27.44170845767085,17.312481460495366,37,59,103,114,120,125
30.059571116558654,16.775487309276258,56,81,103,114,120,125
23.22346410120168,13.765895402273596,28,52,103,114,120,125
28.785614349330725,18.79509994939275,103,114,116,120,125,128
20.094574805574947,18.476364118786396,70,103,110,114,120,125
31.64511619317537,14.726073049853097,69,85,103,114,120,125
20.90214875702327,5.188078978249884,42,54,55,66,100,128
25.74710919412177,4.775614635797388,38,55,66,100,111,128
24.959470384913836,8.889346063108109,55,63,66,93,100,128
20.80160617526296,11.900245594841346,25,55,66,100,114,128
27.21189590284415,7.077450146920773,55,66,88,99,100,128
14.910572843181193,6.805734394751857,20,21,55,66,100,128
20.248063662894122,17.466638010947065,55,66,80,89,100,128
22.926974546648427,4.433052936214335,47,55,66,73,100,128
24.42518275507889,5.765167716278055,55,66,72,100,114,128
24.53178218178363,10.209801395876536,9,55,66,99,100,128
19.260606973769267,10.847844580535378,55,59,66,100,119,128
30.03838621218441,2.736597760293845,6,55,66,100,113,128
26.18964930424548,12.81507710022273,55,66,78,85,100,128
23.758528882393342,20.016531163753797,55,64,66,100,123,128
20.174637485931967,4.586766791728385,33,45,55,66,100,128
21.438628923814846,8.08934387939831,55,64,66,100,120,128
34.412948166820755,4.265674363005211,42,44,66,100,113,128
32.082005837621864,9.59300090508781,29,65,66,100,113,128
32.71959321729062,6.111824234128332,11,66,92,100,113,128
31.81037829689423,11.975802213080156,26,66,95,100,113,128
40.18134679242553,0.36007431163078374,31,66,72,100,113,128
34.7352716256646,0.3536128450393135,31,59,66,100,113,128
31.994278725403017,-0.49548940377826006,50,66,100,113,119,128
32.13060676894004,2.885548395534415,42,66,86,100,113,128
32.63427491153389,4.612281607940637,14,59,66,100,113,128
46.78618119068775,8.890536772592455,66,69,82,100,113,128
30.78387379550741,5.267898362450966,35,47,66,100,113,128
40.46208015372899,3.1582248789710863,66,67,83,100,113,128
28.68900180601594,4.323930258128227,53,66,78,100,113,128
34.249855353588366,11.649097335304313,8,26,66,100,113,128
28.40186132486675,4.950763114150076,37,66,100,108,113,128
37.82116101183517,15.603681711002153,48,65,82,100,113,128
29.02833734907256,10.449555454119754,25,53,82,100,113,128
39.68824995622074,12.814786794295697,72,82,83,100,113,128
33.844706240452595,10.234803093512674,25,82,99,100,113,128
31.19106024298486,10.387192902546603,54,67,82,100,113,128
28.699580597010666,1.8471492692786975,53,75,82,100,113,128
36.184965080279966,9.86216778096336,80,82,100,113,124,128
41.142849151952504,13.192556623022663,18,82,100,113,122,128
27.217474369845526,7.622966339441076,28,51,82,100,113,128
29.414644094871957,12.452463719092014,45,82,100,107,113,128
32.193215094189846,23.610351001874047,25,32,82,100,113,128
31.463783724687794,11.452387406446537,58,82,92,100,113,128
37.17052522820531,8.085551006358227,71,82,100,113,127,128
37.663194904297924,9.13330049297569,63,68,82,100,113,128
26.57748088035934,11.545718939153877,7,82,100,113,120,128
40.08555515599342,5.035899581368242,38,68,82,100,113,128
35.27210389302952,11.655752222983368,18,82,100,113,125,128
35.011591757030516,2.9779336854598353,62,76,82,100,113,128
31.73538718677941,7.460573384416533,30,82,100,113,121,128
50.23068716120397,3.9744031357937226,63,73,82,100,113,128
31.726963582472276,10.278916214120102,82,87,100,105,113,128
30.09563431014664,9.6968322930391,57,82,100,105,113,128
27.6923944413793,7.674653160257912,29,78,82,100,113,128
33.93769941301391,5.662496475889495,22,42,82,100,113,128
33.823454156199325,6.69429895005948,82,96,100,105,113,128
36.40220755707877,8.368852260832764,61,75,82,100,113,128
44.928774236817866,-1.3806984376730227,23,82,100,113,123,128
33.614182392763176,7.152634026221726,78,82,100,102,113,128
31.228440321870934,11.469731228403145,65,82,100,113,120,128
43.2894615070638,-0.3768793622786011,82,94,100,113,123,128
39.02573425870807,3.2701304272776457,39,82,100,113,124,128
33.09248944322272,4.54964742682861,28,79,82,100,113,128
27.217474369845526,7.622966339441074,55,82,86,100,113,128
36.266607678873804,3.3895659284055957,30,64,82,100,113,128
40.9570927044851,6.032484209513735,82,100,113,118,127,128
27.537764678370433,22.230572732762177,28,32,82,100,113,128
29.480157088273188,9.544813375970975,28,82,96,100,113,128
33.61371444722786,5.966122618675395,10,42,82,100,113,128
39.11165587650073,6.918398773271819,13,82,94,100,113,128
30.76582720120699,7.087026790980837,14,82,100,113,118,128
37.24530428956497,6.724692412115395,82,97,100,113,118,128
29.544806760489138,10.372737290967864,43,68,82,100,113,128
29.544806760489138,10.372737290967864,53,68,82,100,113,128
27.116671519579924,6.143089982504014,21,82,86,100,113,128
39.69319967377358,8.150604990344311,13,82,99,100,113,128
33.66087368984123,12.440506215499694,81,82,100,112,113,128
36.375948959862264,2.069576071918396,64,76,82,100,113,128
37.1883556430808,5.018151039805343,22,82,100,106,113,128
37.444925732240954,-2.367760016548773,26,50,82,100,113,128
35.969336625683866,11.048865556493512,67,82,100,101,113,128
36.63321297268952,5.955234270167027,7,82,100,104,113,128
29.41464409487196,12.452463719092016,82,100,107,108,113,128
34.64484609675917,12.304522942417506,61,82,100,112,113,128
33.03160139886565,1.6800365655171368,75,82,89,100,113,128
32.071827976412635,13.08030275563806,56,82,100,113,124,128
36.139211471244174,13.077457318385413,17,34,82,100,113,128
35.382871778275565,2.128318984064664,76,82,97,100,113,128
40.1066927927413,6.888827610254904,48,49,82,100,113,128
35.17343768858479,10.185740169829446,58,82,85,100,113,128
40.3789254145426,5.8744320803072565,48,82,97,100,113,128
32.071827976412635,13.08030275563806,47,82,100,113,124,128
39.012199741654285,0.5661027949064533,13,71,82,100,113,128
31.130068404343618,6.529344264361638,34,82,100,112,113,128
34.28368351373893,6.046741966218471,80,82,99,100,113,128
44.28425306209658,0.6385921937736496,15,82,100,113,126,128
35.85974207809135,5.890508462185979,82,88,100,113,114,128
29.817520545242402,6.376782388024629,54,82,100,113,114,128
27.217474369845526,7.622966339441076,7,54,82,100,113,128
50.054155222709454,-1.7914109728060932,79,82,100,113,123,128
35.95349872940734,3.471561728022499,79,82,84,100,113,128
32.95831234648395,10.569080727522794,22,82,100,109,113,128
41.94527447607977,0.12667898821309545,82,84,100,104,113,128
26.670726386758833,6.476210766283313,29,71,82,100,113,128
39.31626575799089,6.961318892868629,42,82,100,109,113,128
34.35586241391785,6.189366729614124,19,82,100,113,124,128
35.99440687621768,3.298555088288582,60,82,92,100,113,128
33.75465137043243,13.997403003558748,25,82,100,103,113,128
35.02495991819903,6.459983436069271,66,82,90,100,113,128
46.80623150780354,3.1553081325628662,72,82,100,113,118,128
42.0872854253233,5.117576071558254,38,82,100,106,113,128
40.38658956498409,1.0836901908714331,61,82,87,100,113,128
33.77383254633824,11.346961756249605,41,82,100,113,124,128
30.09563431014664,9.6968322930391,7,82,100,105,113,128
31.73538718677941,7.460573384416539,30,56,82,100,113,128
32.43547106137218,13.355589930336851,22,82,85,100,113,128
30.33110691497428,5.842286678875066,51,80,82,100,113,128
35.40115801795088,10.04535019622619,33,82,84,100,113,128
30.70550594782709,9.229198077946355,35,82,90,100,113,128
33.42682361261913,12.655085228709972,38,82,100,113,125,128
34.64484609675917,12.304522942417508,53,61,82,100,113,128
40.23386129260888,8.133880981129503,18,82,100,113,123,128
32.345444510222265,6.00332167540356,45,82,88,100,113,128
33.60898077254588,4.5900871548542375,49,82,92,100,113,128
42.44236103248547,4.110094791553781,8,39,82,100,113,128
39.43848233714928,8.27672793074375,9,48,82,100,113,128
37.59338985891757,13.479495665877373,11,82,85,100,113,128
41.35053871696057,10.40396565346854,30,82,100,113,127,128
30.93752693004944,7.26926750757313,9,29,82,100,113,128
29.974757052700536,8.437178408378907,14,78,82,100,113,128
36.13410778694189,3.015395696888654,60,75,82,100,113,128
30.93357313314046,1.453909597564023,50,51,82,100,113,128
31.73538718677941,7.460573384416539,30,54,82,100,113,128
39.74458646526594,12.71263705346407,82,100,113,117,126,128
31.454619645517983,8.592441960488824,17,68,82,100,113,128
38.22013242489286,-1.514108839496597,50,69,82,100,113,128
42.833358787280275,7.277676881292521,82,100,101,106,113,128
36.70506296610966,2.0464598296421457,20,74,82,100,113,128
27.41159715678588,7.342004428645555,15,23,82,100,113,128
29.222689806539268,1.771270066742729,45,74,82,100,113,128
35.429673878995345,20.743729939483043,78,82,100,113,124,128
38.33944856787449,7.956411363168005,27,65,82,100,113,128
41.702811019573254,3.8547214947960935,42,68,82,100,113,128
28.815253493424702,1.0345577499039058,55,76,82,100,113,128
37.804397823407825,5.340936366221073,35,82,83,100,113,128
33.785975487438215,4.847422977951605,6,57,82,100,113,128
28.13227673852258,9.356758241257776,78,82,89,100,113,128
27.41159715678588,7.342004428645555,22,82,100,112,113,128
31.700429836304636,1.4754789287514942,52,55,82,100,113,128
28.127248679063726,8.524332739368022,19,82,100,113,120,128
30.095634310146636,9.69683229303911,82,100,105,108,113,128
26.546256374079025,10.238241415100815,42,50,71,90,103,120
28.098946293300962,12.073541169909568,71,90,95,96,103,120
24.870662861410878,9.652538969616288,23,71,90,103,114,120
32.252920782674785,16.25902835330401,19,71,81,90,103,120
23.244825327469478,29.21777487880402,71,90,103,115,120,125
29.477830282008732,3.825087865192164,53,71,79,90,103,120
26.446065249516632,12.982859046962627,40,71,90,103,107,120
27.79630151234378,8.780752126030478,71,74,78,90,103,120
29.410647741898767,9.346118267289139,55,71,73,90,103,120
24.056392067551908,19.94498413247835,30,71,90,103,120,123
25.247549535806293,16.962695901775785,56,65,71,90,103,120
29.30268451644186,8.538371398755274,27,71,78,90,103,120
24.631575229817194,6.351938171310764,43,71,90,93,103,120
26.450690075464742,14.29058698610133,23,26,71,90,103,120
28.414257261708386,9.972626459935604,19,51,71,90,103,120
29.84143972948333,9.75355639631595,21,71,73,90,103,120
27.008366404773017,12.91711837172118,70,81,90,103,117,120
28.847728778319684,8.132010507260759,7,44,81,90,103,120
28.685441648099435,14.126873385588105,39,49,81,90,103,120
37.27031444891804,19.549101570586583,81,85,90,103,120,122
37.52045558578421,14.97135942844692,81,90,97,103,107,120
27.40431281150856,12.743793658657632,21,81,90,103,105,120
31.456195994691832,7.848609128914273,21,28,81,90,103,120
39.71588436950234,7.633759172515924,13,81,90,99,103,120
30.720701571061344,14.910582243402668,9,68,81,90,103,120
32.00551790962765,14.558925141106291,81,84,90,103,108,120
30.623995743458885,10.967637207228158,44,69,81,90,103,120
30.959981063209625,26.381104623301958,49,81,90,103,120,128
35.0947267330268,10.350166428236653,20,81,90,103,120,122
32.12705820732953,7.030005517385021,81,90,91,103,110,120
41.91675673994946,8.853987090357096,73,79,81,90,103,120
27.700070998014937,12.414620096424947,49,81,89,90,103,120
31.728219791878715,13.162782968817995,6,46,81,90,103,120
36.61263859412987,7.473230975922645,8,81,90,99,103,120
28.30463639838156,9.696773626862102,41,46,81,90,103,120
31.94998760300992,8.363660884473704,67,81,90,103,110,120
33.50464397152092,12.672455202764437,55,81,90,103,109,120
27.931135336471765,8.470188405834884,50,55,81,90,103,120
35.8253225388293,5.616317166046389,81,90,99,103,112,120
31.494342526123383,14.519253366214985,38,81,90,103,120,123
30.664927810494966,12.46851734034168,27,46,81,90,103,120
26.863794596240705,24.940023399626032,31,81,90,103,106,120
36.598023188049474,22.061555462092983,81,90,101,103,120,124
33.22670599527363,11.96169231101921,53,71,81,90,103,120
35.58447722338029,12.846723788848111,38,81,90,102,103,120
37.02364838229994,5.035778503712346,62,81,90,91,103,120
30.93370394310337,12.41757507301727,27,68,81,90,103,120
28.2256898406336,11.358390068631287,14,49,81,90,103,120
30.102877164127406,12.874191725829537,26,53,81,90,103,120
33.27744151061499,13.190827733481461,71,81,90,91,103,120
33.150264794968166,25.901902642251073,65,81,90,103,120,124
34.46160566313996,6.9247475489528805,72,77,81,90,103,120
37.54030276441291,12.691482839211954,13,78,81,90,103,120
36.29913392083557,12.30991920326704,81,90,103,111,120,127
37.180158805738955,12.475041589883665,61,81,90,101,103,120
32.42891500714839,5.421165913512949,37,41,81,90,103,120
31.40980767525875,11.88534709978043,8,75,81,90,103,120
35.46884955014624,12.25568523137686,81,90,102,103,119,120
32.59456187517618,11.096569707792275,23,81,90,103,118,120
36.6504853719137,8.510400044420772,43,81,90,93,103,120
34.935432053559985,8.268443627753657,67,81,90,103,109,120
31.967005004619846,7.0191753256088125,45,81,90,103,108,120
30.398566412250204,13.891667188925009,32,81,90,98,103,120
34.7737502125317,7.239672496322998,38,81,90,93,103,120
32.59456187517618,11.096569707792238,81,90,91,103,118,120
40.4593990808913,5.89069104217954,11,81,90,97,103,120
27.354549026450226,12.095882275537749,28,49,81,90,103,120
32.12705820732953,7.0300055173850104,81,86,90,92,103,120
36.94045097021442,5.141837783424923,11,20,81,90,103,120
30.805409580880095,15.543044992064877,81,90,103,111,120,125
41.8782733035428,16.48057966857633,81,90,93,96,103,120
36.205253885226035,8.028342679594527,77,81,83,90,103,120
34.60604637082859,15.424401490367188,63,81,90,103,106,120
37.82844883197798,7.135788980785292,38,81,90,103,113,120
31.346980480583365,9.605409449576145,33,51,81,90,103,120
33.858350829887435,7.114156020454673,69,81,90,103,105,120
33.291449241887854,14.338830420565138,13,60,81,90,103,120
31.41264859900036,11.942188218220105,26,81,90,103,120,122
27.597278340877384,19.94673401728605,19,32,81,90,103,120
36.00604214797133,22.056088984748193,41,81,90,103,120,124
32.24582973187035,8.419146221866047,46,69,81,90,103,120
32.646275572469705,7.778504775256793,41,55,81,90,103,120
33.929160187504934,9.969614582957359,81,90,92,103,120,122
36.20164234064675,2.0521706259483854,53,81,88,90,103,120
31.584158799933537,20.50403796794309,9,81,90,103,120,129
34.414657271077196,7.008367895824413,13,45,81,90,103,120
25.293333883198894,15.269714660621947,81,90,100,103,110,120
36.024842223818524,13.954746037565997,58,81,90,103,109,120
31.605600309039602,9.490065490725714,36,81,90,103,114,120
31.967005004619846,7.019175325608808,45,54,81,90,103,120
21.809785546627097,19.80677211459546,50,81,87,90,103,120
30.31294213085637,18.721265587430892,38,81,90,103,104,120
26.68643364111734,15.057990119370164,25,81,90,100,103,120
33.373301793883755,13.02631835554751,65,74,81,90,103,120
27.9779749317349,13.73068377423913,7,31,81,90,103,120
31.609104927581303,12.166923681204912,43,81,90,103,111,120
30.901744768410683,8.102484311928306,8,81,90,103,110,120
33.388828127911154,21.94924141547611,34,81,90,103,120,124
34.72861738984916,6.307386548709544,15,63,81,90,103,120
34.01905673713886,11.211013292906953,38,81,90,103,109,120
33.62433598253024,15.148801640010932,77,81,90,103,120,123
32.28609022032101,8.772319750592503,15,78,81,90,103,120
32.80347610863977,17.076013783823626,32,40,81,90,103,120
30.102877164127403,12.87419172582953,15,26,81,90,103,120
30.90355009058566,19.2110440931638,74,81,90,103,120,129
31.967005004619846,7.0191753256088125,28,81,90,103,119,120
30.857593879425917,16.404135533178568,59,81,90,94,103,120
27.844860466176836,19.72853101939184,76,81,90,103,106,120
33.20685144325654,8.137647490380813,10,61,81,90,103,120
32.12705820732954,7.030005517385023,7,23,81,90,103,120
28.70363644105963,18.54855433239551,14,34,81,90,103,120
31.967005004619846,7.019175325608808,45,57,81,90,103,120
30.26465832695986,11.28349760592798,81,86,90,103,115,120
30.714045928255356,10.265993436507918,29,81,90,95,103,120
27.721578290286363,11.514087645864736,30,81,90,103,105,120
31.768069100839913,12.245445112394862,60,81,90,95,103,120
38.59688685578458,16.65628532365929,34,81,90,96,103,120
33.28986819233837,9.192801958150351,26,63,81,90,103,120
36.45333748818482,8.923877409201877,61,77,81,90,103,120
30.763201491311538,5.548114342297888,30,41,81,90,103,120
28.84551707259685,10.4581129267129,28,75,81,90,103,120
38.551134748979166,15.37914353936143,53,81,90,101,103,120
30.752817868153336,9.700941116300356,23,25,81,90,103,120
30.398566412250208,13.891667188925014,32,47,81,90,103,120
30.26465832695986,11.283497605927993,47,81,90,103,115,120
32.515932719547166,21.204280822958324,39,58,81,90,103,120
39.75816803285501,6.383665069794986,8,81,90,103,120,127
28.978655516274404,9.301768757253758,72,81,90,100,103,120
36.56916830359795,7.080588165059139,69,81,88,90,103,120
35.90852413573356,9.96081139104052,72,81,90,103,120,127
30.998864628377163,14.74820071533546,33,40,81,90,103,120
33.802791275793844,16.484740277846544,81,82,90,100,103,120
33.50858681926603,10.68314415958196,24,80,81,90,103,120
36.20164234064676,2.0521706259483987,81,86,88,90,103,120
31.967005004619846,7.0191753256087965,47,81,90,103,120,121
32.01644915710382,10.679392905739917,56,59,81,90,103,120
37.38877365393088,10.152410092966003,67,81,90,97,103,120
36.86912291519175,4.04844830058307,36,81,88,90,103,120
31.06955097378941,7.355419520539542,56,81,89,90,103,120
28.571071067665063,14.278871653682343,28,39,81,90,103,120
31.967005004619846,7.019175325608808,10,45,81,90,103,120
33.62373449656309,15.015258040686547,20,59,81,90,103,120
36.255457923051125,10.418813483878276,39,48,81,90,103,120
38.97751388149145,5.317519634053794,81,83,90,97,103,120
34.20851069045823,4.617720696219662,56,81,83,90,103,120
38.93139720572979,6.843101473872394,71,81,88,90,103,120
30.993713280795564,19.149128799144847,6,58,81,90,103,120
28.43595473117587,15.702319614407772,22,39,81,90,103,120
36.59284261259434,14.973299326962007,69,76,81,90,103,120
27.6648819407139,45.30594806381938,50,81,90,98,103,120
29.43157170759878,15.98798408153581,28,81,90,95,103,120
23.980608052602317,7.52678531793281,16,23,58,59,72,104
24.775798891650872,0.0417132287555013,57,58,59,72,100,104
37.454173134969864,3.4797349951095855,58,59,63,72,101,104
30.1324522760678,1.1530168691606273,58,59,70,72,104,123
23.834229136689768,16.891848115229166,58,59,72,104,110,117
24.506075477893713,0.2267379825665999,55,58,59,72,102,104
39.852427149028884,0.6510409663055698,48,58,59,72,104,111
39.417809321892975,-1.3247782788303561,6,18,58,59,72,104
39.236378127152676,3.1496354070356025,13,58,59,72,73,104
34.73189047893847,12.819589411680779,58,59,72,93,104,117
53.793105139236935,-0.8728701036859787,58,59,72,104,114,126
22.095413809459806,4.159627353796307,58,59,72,76,104,106
26.163293267226347,-0.9677394014316952,57,58,59,65,72,104
21.753537246880377,1.7042770251051917,58,59,71,72,91,104
31.639664373230545,27.671864687614516,58,59,72,104,117,124
27.768970580486858,11.287495292002307,25,58,59,72,104,115
29.74564323527388,0.6240135862463655,53,70,72,104,114,126
36.77686113026368,2.15487430773403,34,36,72,104,114,126
41.094183323270684,10.691379817422797,11,72,104,114,124,126
50.3247484674355,1.3659358581119418,61,72,104,113,114,126
29.28646282946179,14.676976431019854,19,25,72,104,114,126
40.204489429357345,1.5916331061697784,30,66,72,104,114,126
43.30099116066499,-0.20491536933129922,38,72,81,104,114,126
35.98356027074668,3.6066771367772645,30,72,104,111,114,126
30.424784307075505,3.7456038141190144,36,72,104,114,121,126
32.29792733511687,11.632768026126064,31,72,104,114,117,126
29.727718090999428,3.6668483485170094,42,72,90,104,114,126
34.315425380782216,5.408422094890536,7,72,99,104,114,126
47.38939998026538,2.2341143830045054,72,93,104,114,126,128
35.080869700393116,5.467845969555727,61,72,104,114,119,126
39.392774182685265,0.6806442891317668,13,49,72,104,114,126
35.91214909021919,7.391402341540377,27,72,104,105,114,126
33.32083776135015,-0.6385288995604916,65,72,74,104,114,126
30.167327549406615,0.680801770195088,14,70,72,104,114,126
40.59638272810346,-1.6213798208627723,49,72,104,114,116,126
45.30908597913403,0.553493109489282,10,72,85,104,114,126
32.59262162122721,13.656957939760831,60,72,104,114,117,126
43.426135437384,3.785714440969577,18,72,104,114,126,127
34.61591616242077,2.980120876361918,34,41,72,104,114,126
45.20741583376858,0.8886082726169426,60,72,94,104,114,126
41.007283443623706,-0.7775663961359285,8,72,104,106,114,126
40.17733835782488,7.623018694338783,8,11,72,104,114,126
37.8470070767613,-0.9820169146156735,72,84,90,104,114,126
28.14792962890992,3.5419139555476717,23,28,72,104,114,126
33.27006096447616,5.5563951256493525,27,72,74,104,114,126
37.69863441578052,10.011562614773641,72,98,104,114,118,126
28.257089135387034,5.2835488290787485,42,51,72,104,114,126
36.10393679756799,5.586125909064898,20,72,95,104,114,126
39.14078696482036,8.808411702675935,72,83,94,104,114,126
38.80316241685342,4.0436596420445365,72,93,104,110,114,126
34.803764589091315,17.769742528493538,72,77,104,114,126,129
46.11077071241215,2.3318603226378802,72,81,104,114,118,126
40.58612489086762,2.579613902832646,68,72,77,104,114,126
42.753760725128544,0.8670978669945687,72,84,94,104,114,126
34.998692495866955,-0.42433750084429755,60,72,76,104,114,126
36.04128785653582,1.2694021450137,55,63,72,104,114,126
35.13235209545552,5.876881043621433,72,90,102,104,114,126
36.87544100961204,7.434696899591779,42,72,104,114,124,126
42.39240236754054,4.140901622052362,71,72,93,104,114,126
27.85603750083004,3.6285574680407393,21,22,72,104,114,126
31.57423972328608,8.641274062368772,29,72,79,104,114,126
31.584664014973917,1.897966508083249,55,72,104,111,114,126
31.832991439742255,6.797396133088203,27,56,72,104,114,126
35.47001613582819,0.6659730414183859,15,16,72,104,114,126
42.191300047654806,1.304999608574488,72,79,100,104,114,126
30.25141352116435,6.350070108583273,44,53,72,104,114,126
35.290123813540944,1.5324363148656814,14,72,78,104,114,126
41.33638103276186,0.7084336999601947,38,48,72,104,114,126
42.79563445232424,2.0864618711249827,34,72,94,104,114,126
28.147929628909925,3.541913955547662,51,72,91,104,114,126
29.416849914428486,3.6004604056900886,37,47,72,104,114,126
32.60052583220668,6.272648085892274,40,46,72,104,114,126
41.86121443386932,4.4638785783401875,72,73,82,104,114,126
30.516800610459864,12.493147123276408,42,72,104,114,123,126
39.149708639543974,4.805791512523977,36,61,72,104,114,126
31.646865621267597,11.099156864298465,9,26,72,104,114,126
26.850733455950873,3.390182683600763,15,51,72,104,114,126
29.93360427506431,11.50779883533597,47,72,104,114,123,126
37.111335529362584,0.23791202341475484,7,64,72,104,114,126
28.269184306456715,5.291530726502307,46,72,86,104,114,126
30.424784307075505,3.745603814119013,36,47,72,104,114,126
30.34801440198037,10.326352743689606,26,35,72,104,114,126
27.914500639443883,8.95336259144482,6,29,72,104,114,126
33.212534376158985,12.56728228395355,72,104,111,114,117,126
28.147929628909925,3.5419139555476638,23,72,104,112,114,126
43.3286417503822,6.524444526473369,11,72,73,104,114,126
37.11133552936259,0.23791202341475445,64,72,104,114,119,126
35.438702853989724,16.469847790291865,72,81,88,104,114,126
31.17220764027973,11.415383523890517,6,24,72,104,114,126
47.781590635267534,1.3730924231511172,69,72,99,104,114,126
37.8860036662736,6.47976946788637,38,61,72,104,114,126
38.397036708679295,3.056523588007439,67,72,84,104,114,126
35.91316430134163,1.4800487658307098,34,46,72,104,114,126
33.72038311067751,12.40998760599891,68,72,104,114,115,126
33.06634102729518,7.947808896893704,44,72,103,104,114,126
32.526506555505726,16.409605343788268,72,89,104,114,117,126
35.62903861935129,5.041360224462229,23,72,102,104,114,126
37.95604609447109,0.6841312135870838,57,72,82,104,114,126
51.883789204392016,-2.1866205485378805,38,72,104,113,114,126
39.7364270105873,7.88815659585011,9,72,93,104,114,126
28.86548204777978,4.508173287728528,9,14,72,104,114,126
31.31585840949316,12.3394562862212,47,72,104,114,115,126
36.106713948346794,-0.2508475214205983,12,21,72,104,114,126
44.033600084423696,2.210040761920388,70,72,104,114,126,128
45.77760143649059,-2.502363889618431,18,72,89,104,114,126
35.368099229432616,3.061804083020946,55,66,72,104,114,126
29.4727216137828,4.7408302042274775,6,22,72,104,114,126
30.116591692874096,6.3303258881115525,40,57,72,104,114,126
29.93360427506431,11.50779883533597,53,72,104,114,123,126
28.257089135387034,5.2835488290787485,42,54,72,104,114,126
34.35291341053536,12.776889918294197,32,72,86,104,114,126
38.487646501768026,5.792984678630061,72,93,104,106,114,126
30.158489799211083,5.2976937861973985,9,72,103,104,114,126
34.429298037000656,12.477479167102532,12,72,104,114,115,126
38.04775760526343,1.2541581739610075,46,50,72,104,114,126
29.439972962790485,4.620100556894793,72,92,104,114,118,126
38.546196423154726,9.009661946006249,72,91,104,114,124,126
29.915516919568606,9.604907433531219,26,54,72,104,114,126
39.54783709031004,3.9676723193355032,72,92,93,104,114,126
26.85073345595087,3.3901826836007594,72,104,112,114,121,126
33.916519171195795,23.39964089886774,72,95,104,114,123,126
41.6424013934789,-0.7654122340451666,72,89,97,104,114,126
27.540569615468762,5.213171793909391,21,72,104,114,122,126
29.74564323527388,0.6240135862463655,55,70,72,104,114,126
31.46559813417634,2.5356452239939915,14,72,97,104,114,126
41.039504334463665,0.6362223945826473,48,52,72,104,114,126
45.816793629724216,0.18872106319343535,72,89,104,114,125,126
29.786719177280126,4.671502022213264,41,47,72,104,114,126
38.769805308926124,4.466653655051824,15,72,96,104,114,126
31.61289452074804,10.814123470886216,35,40,72,104,114,126
41.85921789111607,1.156521731460446,17,72,77,104,114,126
25.48829753123615,3.5704069202662407,21,28,72,104,114,126
37.516590229630516,2.8931359920634008,8,65,72,104,114,126
37.213568768050216,4.213612841365965,11,56,72,104,114,126
36.121271420001904,4.604596911818001,65,72,104,106,114,126
38.22711665831947,2.390963374860258,8,72,80,104,114,126
40.11870326097735,0.5498505254415492,72,104,106,114,118,126
34.24565111515979,1.5517130842107614,53,72,104,109,114,126
36.13838985748351,5.209114550316563,9,72,87,104,114,126
32.76188088914071,1.2749437448382397,22,72,104,107,114,126
36.6406192359035,2.5197614785101043,49,69,72,104,114,126
45.3936336776658,7.314673743353813,44,72,104,114,126,127
35.253952887438786,2.893463426989204,36,72,104,111,114,126
45.0393612488553,2.821813345115363,72,82,102,104,114,126
26.23365859207837,4.527545833574514,7,49,72,104,114,126
30.25141352116435,6.350070108583273,44,56,72,104,114,126
37.100141657841235,6.85070875869833,33,72,97,104,114,126
28.011501947079566,5.1084098402795375,6,15,72,104,114,126
34.22820245023518,1.6693754368369564,34,72,86,104,114,126
37.44204223013186,0.04753785824999088,21,50,72,104,114,126
37.78257084382192,-0.4927988742175716,52,72,104,112,114,126
16.993647514464605,16.524342385682637,6,40,41,80,105,110
22.923657969881056,-3.7130561429443625,41,70,80,100,105,110
20.00414595697945,22.474618865157588,41,64,80,105,110,115
18.822834789146366,13.597536225272346,26,34,41,80,105,110
17.937429805342845,11.181015931112555,23,41,78,80,105,110
16.491273825745804,9.78758799432217,15,21,41,80,105,110
28.92251232155683,13.635574077572858,41,80,105,110,122,127
18.11246884725341,16.130481060032178,41,54,68,80,105,110
24.118594116047774,5.249304888088401,41,80,100,105,110,128
17.33460756154288,10.938116189493513,41,54,80,105,110,116
23.069283913636,11.57718908896406,41,62,80,105,110,116
15.147196458799465,15.025709735743346,41,55,71,80,105,110
26.274122447934403,2.218311890548855,16,41,80,94,105,110
22.928914597070065,14.86831173269308,41,69,72,80,105,110
28.432645602560424,0.9864313117428235,17,53,64,102,106,111
19.136654457333265,21.453889328360685,23,24,38,88,89,106
22.682095620289466,15.820057664395355,8,28,69,82,104,115
23.15059023289694,11.13002570167796,8,9,49,55,107,125
20.18622721393982,20.744946046880457,44,74,75,102,105,125
28.255158969372268,9.149127906100489,19,29,44,78,104,126
19.08410105564907,16.356051621127417,8,26,40,58,115,116
24.669594734093813,6.736920214369657,8,35,73,75,103,111
21.482686071130697,27.90850529677737,36,40,58,67,95,120
15.152421861327316,7.383967882050397,14,20,53,74,105,128
26.05697650970233,1.9656795108050447,43,58,69,85,86,91
34.5205513190466,6.9266154497330055,65,66,87,92,99,128
19.08410105564907,16.356051621127417,8,26,40,58,115,116
24.669594734093813,6.736920214369657,8,35,73,75,103,111
21.482686071130697,27.90850529677737,36,40,58,67,95,120
35.49507253423966,6.5219530322774,13,48,58,85,103,111
25.744797939641952,13.2076934643344,31,65,67,82,95,120
22.938613066454334,2.95043828377813,22,57,58,67,95,116
19.08410105564907,16.356051621127417,8,26,40,58,115,116
24.669594734093813,6.736920214369657,8,35,73,75,103,111
21.482686071130697,27.90850529677737,36,40,58,67,95,120
30.858081566307476,12.793880104145302,11,40,58,101,111,115
26.436002254550957,21.33949815585804,33,69,76,95,120,121
16.079856656860485,28.881439121442735,40,40,58,60,115,116
15.012180586150086,7.714672349207175,13,29,44,65,74,106
22.508517233823028,11.325429928664773,49,62,66,86,120,126
15.467035703555068,4.067930874450496,6,8,41,42,60,116
26.17281812230906,13.620040136799485,18,29,41,66,105,126
26.349861214045124,20.627772332673306,75,78,80,99,113,117
25.58018991316656,-1.2950487474838668,13,24,25,73,104,117
15.012180586150086,7.714672349207175,13,29,44,65,74,106
22.508517233823028,11.325429928664773,49,62,66,86,120,126
15.467035703555068,4.067930874450496,6,8,41,42,60,116
17.381740270014422,9.069248209344867,29,66,86,116,120,126
11.13371681595034,5.5980114107046255,41,42,46,49,60,116
22.833687451799385,2.269506498846243,41,42,60,69,75,106
15.012180586150086,7.714672349207175,13,29,44,65,74,106
22.508517233823028,11.325429928664773,49,62,66,86,120,126
15.467035703555068,4.067930874450496,6,8,41,42,60,116
29.471806275949792,13.007182660291017,18,26,66,86,120,126
10.907219284719874,0.9202796479873825,10,30,57,110,116,120
18.370119147312774,8.47217015135993,8,41,42,74,80,106
23.919825978695332,24.469502655610746,12,19,32,70,118,128
24.012746373580747,2.2792988705014543,7,13,50,59,77,89
38.242183939832785,-1.5413934870249955,7,29,30,87,98,116
29.120555220861526,4.016281124519258,11,15,20,25,62,111
30.85228996247645,24.516165423731074,30,40,56,98,109,125
15.886284434209353,17.72610148383255,31,43,51,95,120,122
23.919825978695332,24.469502655610746,12,19,32,70,118,128
24.012746373580747,2.2792988705014543,7,13,50,59,77,89
38.242183939832785,-1.5413934870249955,7,29,30,87,98,116
28.23194976898618,23.89439450721872,14,59,77,89,120,124
16.829670595823337,19.860830427991214,19,34,51,57,98,116
27.785318051427822,23.208302387525382,32,70,108,109,118,128
23.919825978695332,24.469502655610746,12,19,32,70,118,128
24.012746373580747,2.2792988705014543,7,13,50,59,77,89
38.242183939832785,-1.5413934870249955,7,29,30,87,98,116
20.28469281139578,7.368985385211314,15,75,89,90,118,120
19.613796247196735,9.15220772876774,57,59,77,84,111,116
26.419091562455016,19.99394501032503,70,77,107,115,118,128
32.272338139238364,14.343951334670468,22,32,35,55,79,95
28.241606072154596,21.10950613297582,8,49,67,94,98,123
28.189781395265165,3.770222748213027,30,48,89,112,118,120
14.140737780402484,3.6612203225608786,16,20,57,74,89,114
32.47470369994693,30.731249105207866,24,99,105,113,117,127
19.883142454295168,4.4333234298864586,6,31,38,46,48,77
32.272338139238364,14.343951334670468,22,32,35,55,79,95
28.241606072154596,21.10950613297582,8,49,67,94,98,123
28.189781395265165,3.770222748213027,30,48,89,112,118,120
30.26872531375598,2.7701018722610056,32,35,55,57,79,123
20.67640478416185,16.810495883220224,33,49,67,112,118,120
17.276674315191332,4.395560605862035,23,39,95,102,112,118
32.272338139238364,14.343951334670468,22,32,35,55,79,95
28.241606072154596,21.10950613297582,8,49,67,94,98,123
28.189781395265165,3.770222748213027,30,48,89,112,118,120
23.382561736440834,32.67614513941175,67,90,94,98,122,123
22.441753456425133,20.030152211712444,49,67,86,94,118,120
19.61212701335474,4.362558078598906,7,79,89,95,99,112
20.072625199106692,5.205523453709719,27,39,47,74,89,92
8.465533329648974,5.948905801714107,10,19,25,56,69,74
19.154623538322916,6.393419010580647,17,24,31,41,105,118
18.136593233004806,10.115693410767934,6,13,29,87,88,97
19.99612961635698,5.942860677769686,80,90,97,99,101,111
17.84948154360476,28.80387806969784,30,35,53,71,88,127
20.072625199106692,5.205523453709719,27,39,47,74,89,92
8.465533329648974,5.948905801714107,10,19,25,56,69,74
19.154623538322916,6.393419010580647,17,24,31,41,105,118
17.530263625429185,-3.5299447968944393,56,60,69,74,114,122
12.950743245746413,15.537142426167508,19,25,41,56,105,118
23.885837490432355,13.446309797808802,71,74,78,89,92,129
20.072625199106692,5.205523453709719,27,39,47,74,89,92
8.465533329648974,5.948905801714107,10,19,25,56,69,74
19.154623538322916,6.393419010580647,17,24,31,41,105,118
16.684877076584495,24.31030332439178,28,67,74,74,80,88
21.003068107044694,-1.3187424725057855,8,56,69,73,89,118
18.28812150447493,22.69186808151277,9,41,60,92,105,107
14.559878348435223,3.314230725597919,8,9,45,60,92,94
22.91713589642513,1.80442063697723,14,23,60,90,101,118
23.32455010634373,-4.0023409236569565,25,30,49,51,58,113
24.970988142010306,8.693373072729528,9,37,59,90,100,128
15.089184623581422,6.117233502470253,13,55,68,92,118,129
20.02612720694335,11.259650376359826,9,44,72,100,105,122
24.970988142010306,8.693373072729528,9,37,59,90,100,128
23.32455010634373,-4.0023409236569565,25,30,49,51,58,113
22.91713589642513,1.80442063697723,14,23,60,90,101,118
20.166331321259275,5.928913789662499,50,53,58,91,102,113
24.7963650252941,-0.48066301489241103,35,45,60,90,101,118
11.404902474939664,5.969861900991661,28,53,90,100,121,128
24.970988142010306,8.693373072729528,9,37,59,90,100,128
24.7963650252941,-0.48066301489241103,35,45,60,90,101,118
23.32455010634373,-4.0023409236569565,25,30,49,51,58,113
26.228006408097833,4.565024689748698,37,46,59,90,101,118
21.837053771338695,13.497714248922083,35,49,51,58,64,113
19.816911159387722,20.964581174549302,36,90,100,112,115,128
16.093515026103635,7.2284639988595,7,16,49,64,121,126
16.393206882681504,7.193602780446837,23,36,76,83,108,123
28.62045752650787,10.755103076335491,14,40,58,77,99,128
36.97595721999644,-1.6866620732126916,11,64,70,78,113,122
28.206531423737157,3.6632969093416303,7,13,42,70,75,122
20.37313560350665,14.407297382816612,35,50,69,70,73,117
36.97595721999644,-1.6866620732126916,11,64,70,78,113,122
28.62045752650787,10.755103076335491,14,40,58,77,99,128
28.206531423737157,3.6632969093416303,7,13,42,70,75,122
40.94257816605146,-1.7486146828303353,50,64,70,77,99,128
14.17162193687939,5.137575649740331,9,42,70,75,119,122
34.17260140286849,-1.215299562000059,42,68,70,75,81,122
40.94257816605146,-1.7486146828303353,50,64,70,77,99,128
36.97595721999644,-1.6866620732126916,11,64,70,78,113,122
34.17260140286849,-1.215299562000059,42,68,70,75,81,122
21.901442249873856,8.313717027757678,61,78,92,113,122,129
22.104150414305003,36.6278334245451,15,51,98,113,117,122
49.56436355987387,1.2744664616644257,18,34,72,93,99,128
30.372649277820088,15.22854754933861,6,75,81,111,115,128
25.5369048259712,6.69497713214987,17,50,73,76,77,93
30.220183571688164,11.871772733213147,51,61,62,86,98,106
21.728407559649117,0.8016506973722397,13,16,20,53,87,96
25.006544228046554,41.57272851041753,42,75,98,99,106,110
16.39502664576865,2.011075015667104,24,36,53,69,82,119
30.372649277820088,15.22854754933861,6,75,81,111,115,128
30.220183571688164,11.871772733213147,51,61,62,86,98,106
25.5369048259712,6.69497713214987,17,50,73,76,77,93
27.89699656517186,23.497007507255052,81,97,106,111,115,116
29.13558296733161,2.6145188138665727,11,24,34,77,93,99
20.89172835542354,12.076832045613132,67,71,73,76,115,128
30.372649277820088,15.22854754933861,6,75,81,111,115,128
30.220183571688164,11.871772733213147,51,61,62,86,98,106
29.13558296733161,2.6145188138665727,11,24,34,77,93,99
24.90051287342716,20.31782186679789,28,86,98,102,106,109
23.23742683363794,8.21190001970459,57,60,62,77,93,99
29.30203859121726,5.788342566588874,41,74,93,96,99,128
